comid,stream_order,stream_lat,stream_lon,max_forecasted_flow,date_exceeds_return_period_2,date_exceeds_return_period_5,date_exceeds_return_period_10,date_exceeds_return_period_25,date_exceeds_return_period_50,date_exceeds_return_period_100
13082487.0,2,29.084640502929688,-81.0049057006836,8.5,2022-10-21 00:00:00,,,,,
13082484.0,2,29.24687957763672,-81.05009460449219,7.44,2022-10-21 00:00:00,,,,,
13069963.0,2,38.66603088378906,-113.03385162353516,1.11,2022-10-23 09:00:00,,,,,
13067728.0,2,39.6076545715332,-74.49595642089844,12.98,2022-10-24 12:00:00,,,,,
13067526.0,2,39.639122009277344,-118.4170379638672,0.87,2022-10-22 21:00:00,,,,,
13067469.0,2,39.65277862548828,-118.4255142211914,1.91,2022-10-22 21:00:00,,,,,
13063478.0,2,41.21231842041016,-113.51831817626952,0.17,2022-10-22 21:00:00,2022-10-23 00:00:00,2022-10-23 00:00:00,,,
13063253.0,2,41.30436325073242,-113.40534973144533,0.21,2022-10-23 03:00:00,,,,,
13062827.0,2,41.44706344604492,-71.66539001464844,10.56,2022-10-24 15:00:00,,,,,
13062851.0,2,41.48210906982422,-73.4100112915039,12.73,2022-10-24 12:00:00,,,,,
13062046.0,2,41.74029159545898,-82.72766876220703,0.55,2022-10-21 00:00:00,2022-10-26 18:00:00,2022-10-27 00:00:00,2022-10-29 12:00:00,2022-10-29 12:00:00,2022-10-29 12:00:00
13061871.0,2,41.88759231567383,-82.7550048828125,0.55,2022-10-21 00:00:00,2022-10-26 12:00:00,2022-10-26 21:00:00,2022-10-27 00:00:00,2022-10-29 12:00:00,2022-10-29 12:00:00
13059490.0,2,42.63269805908203,-113.71270751953124,0.37,2022-10-22 18:00:00,,,,,
13059318.0,2,42.61260223388672,-113.2754898071289,0.28,2022-10-22 15:00:00,,,,,
13059039.0,2,42.75820541381836,-115.46222686767578,0.43,2022-10-22 21:00:00,,,,,
13058398.0,2,42.91003036499024,-115.57362365722656,0.44,2022-10-22 15:00:00,,,,,
13058079.0,3,43.00718688964844,-112.70626068115234,0.91,2022-10-22 21:00:00,,,,,
13057920.0,2,43.09122467041016,-112.67481231689452,0.35,2022-10-22 21:00:00,,,,,
13057919.0,2,43.03807067871094,-112.71418762207033,0.59,2022-10-22 18:00:00,,,,,
13057883.0,2,43.07902526855469,-112.7481689453125,0.4,2022-10-22 18:00:00,,,,,
13057894.0,2,43.04286193847656,-116.3821258544922,2.58,2022-10-22 12:00:00,,,,,
13057897.0,2,43.04520034790039,-116.33357238769533,4.18,2022-10-22 15:00:00,,,,,
13057569.0,3,43.18401336669922,-112.4718017578125,0.82,2022-10-22 21:00:00,,,,,
13056715.0,2,43.4538688659668,-112.18836212158205,0.4,2022-10-22 18:00:00,,,,,
13057360.0,3,43.230743408203125,-112.4657974243164,0.59,2022-10-22 18:00:00,,,,,
13057269.0,3,43.25906753540039,-112.4659423828125,0.5,2022-10-22 18:00:00,,,,,
13057161.0,2,43.28147888183594,-112.45846557617188,0.26,2022-10-22 15:00:00,,,,,
13057160.0,2,43.31336975097656,-112.5110321044922,0.25,2022-10-22 18:00:00,,,,,
13052842.0,2,44.52791595458984,-82.53958129882812,0.15,2022-10-21 00:00:00,2022-10-21 00:00:00,2022-10-21 00:00:00,2022-10-21 00:00:00,2022-10-21 00:00:00,2022-10-21 00:00:00
13052841.0,2,44.52791595458984,-82.83000183105469,0.15,2022-10-21 00:00:00,2022-10-21 00:00:00,2022-10-21 00:00:00,2022-10-21 00:00:00,2022-10-21 00:00:00,2022-10-21 00:00:00
13051718.0,2,44.817081451416016,-82.6312484741211,0.49,2022-10-21 00:00:00,,,,,
13051766.0,2,44.81666946411133,-83.03401947021484,0.5,2022-10-21 00:00:00,,,,,
13050733.0,2,45.17135620117188,-82.68959045410156,0.15,2022-10-21 00:00:00,2022-10-21 00:00:00,2022-10-21 00:00:00,2022-10-21 00:00:00,2022-10-21 00:00:00,2022-10-21 00:00:00
13050922.0,2,45.05274200439453,-86.72225952148438,0.59,2022-10-21 00:00:00,2022-10-21 00:00:00,2022-10-21 00:00:00,2022-10-21 00:00:00,2022-10-21 03:00:00,2022-10-24 12:00:00
13050041.0,2,45.364253997802734,-82.68958282470703,0.15,2022-10-21 00:00:00,2022-10-21 00:00:00,2022-10-21 00:00:00,2022-10-21 00:00:00,2022-10-21 00:00:00,2022-10-21 00:00:00
13050731.0,2,45.11326217651367,-86.74703979492188,0.17,2022-10-21 00:00:00,2022-10-21 00:00:00,2022-10-21 00:00:00,2022-10-21 00:00:00,2022-10-21 00:00:00,2022-10-21 00:00:00
13050176.0,2,45.30370330810547,-82.84041595458984,0.26,2022-10-21 00:00:00,2022-10-21 00:00:00,2022-10-21 00:00:00,2022-10-21 00:00:00,2022-10-21 00:00:00,2022-10-21 00:00:00
13049993.0,2,45.28503036499024,-86.38616180419922,0.02,2022-10-21 00:00:00,2022-10-21 00:00:00,2022-10-21 00:00:00,2022-10-21 00:00:00,2022-10-21 00:00:00,2022-10-21 00:00:00
13049560.0,2,45.49745559692383,-83.03752136230469,0.49,2022-10-21 00:00:00,2022-10-21 00:00:00,2022-10-21 00:00:00,2022-10-21 00:00:00,2022-10-21 00:00:00,2022-10-21 00:00:00
13048640.0,2,45.69797897338867,-83.03791809082031,0.61,2022-10-21 00:00:00,2022-10-21 00:00:00,2022-10-21 00:00:00,2022-10-21 00:00:00,2022-10-21 00:00:00,2022-10-21 00:00:00
13049709.0,2,45.37567901611328,-85.4798812866211,0.0,2022-10-21 00:00:00,2022-10-21 00:00:00,2022-10-21 00:00:00,2022-10-21 00:00:00,2022-10-21 00:00:00,2022-10-21 00:00:00
13047678.0,2,45.9213981628418,-81.48007202148438,1.69,2022-10-21 00:00:00,2022-10-26 21:00:00,,,,
13048861.0,2,45.66635894775391,-83.39125061035156,0.0,2022-10-21 00:00:00,2022-10-21 00:00:00,2022-10-21 00:00:00,2022-10-21 00:00:00,2022-10-21 00:00:00,2022-10-21 00:00:00
13049248.0,2,45.50497817993164,-83.46717834472656,0.53,2022-10-21 00:00:00,,,,,
13049611.0,2,45.47172546386719,-85.71847534179688,0.01,2022-10-21 00:00:00,2022-10-21 00:00:00,2022-10-21 00:00:00,2022-10-21 00:00:00,2022-10-21 00:00:00,2022-10-21 00:00:00
13047959.0,2,45.79249954223633,-83.03791809082031,0.69,2022-10-21 00:00:00,2022-10-21 00:00:00,2022-10-21 00:00:00,2022-10-21 00:00:00,2022-10-21 00:00:00,2022-10-21 00:00:00
13048796.0,2,45.6551513671875,-85.71875,0.02,2022-10-21 00:00:00,2022-10-21 00:00:00,2022-10-21 00:00:00,2022-10-21 00:00:00,2022-10-21 00:00:00,2022-10-21 00:00:00
13048077.0,2,45.76914596557617,-119.27650451660156,0.76,2022-10-22 06:00:00,2022-10-22 09:00:00,,,,
13048123.0,2,45.78064727783203,-119.862060546875,0.42,2022-10-22 09:00:00,,,,,
13047625.0,2,45.90394592285156,-85.55101776123047,0.46,2022-10-21 00:00:00,2022-10-21 00:00:00,2022-10-26 06:00:00,2022-10-26 15:00:00,,
13047324.0,2,45.935577392578125,-119.55616760253906,0.52,2022-10-22 03:00:00,2022-10-22 06:00:00,,,,
13047433.0,2,45.904911041259766,-81.74996185302734,0.7,2022-10-21 00:00:00,2022-10-21 00:00:00,2022-10-21 00:00:00,2022-10-21 00:00:00,2022-10-21 00:00:00,2022-10-21 00:00:00
13047035.0,2,46.02367782592773,-83.43090057373047,0.12,2022-10-21 00:00:00,2022-10-21 00:00:00,2022-10-21 00:00:00,2022-10-21 00:00:00,2022-10-21 00:00:00,2022-10-21 00:00:00
13047163.0,2,45.97509765625,-82.23003387451172,2.06,2022-10-21 00:00:00,2022-10-21 00:00:00,2022-10-21 00:00:00,2022-10-21 00:00:00,2022-10-21 00:00:00,2022-10-21 00:00:00
13047063.0,2,46.035640716552734,-119.65129852294922,0.39,2022-10-22 06:00:00,,,,,
13047066.0,2,46.01784133911133,-83.1217269897461,1.09,2022-10-21 00:00:00,2022-10-21 00:00:00,2022-10-21 00:00:00,2022-10-21 00:00:00,2022-10-21 00:00:00,2022-10-21 00:00:00
13047116.0,2,46.00822067260742,-82.30530548095703,4.18,2022-10-21 00:00:00,2022-10-21 00:00:00,2022-10-21 00:00:00,2022-10-26 12:00:00,2022-10-26 12:00:00,2022-10-26 15:00:00
13047289.0,2,46.00048828125,-82.78430938720703,3.96,2022-10-21 00:00:00,2022-10-21 00:00:00,2022-10-21 00:00:00,2022-10-21 00:00:00,2022-10-21 00:00:00,2022-10-21 00:00:00
13045065.0,2,46.54467010498047,-86.53453826904297,1.68,2022-10-21 00:00:00,2022-10-24 03:00:00,2022-10-26 09:00:00,,,
13044471.0,2,46.6712646484375,-84.85562133789062,5.17,2022-10-21 00:00:00,,,,,
13044470.0,2,46.67124938964844,-84.95916748046875,3.93,2022-10-21 00:00:00,,,,,
13044468.0,2,46.67486953735352,-85.01677703857422,3.24,2022-10-21 00:00:00,,,,,
13042791.0,2,47.193809509277344,-84.83649444580078,22.36,2022-10-21 00:00:00,,,,,
13042045.0,2,47.35170364379883,-84.79212188720703,16.41,2022-10-21 00:00:00,,,,,
13042767.0,2,47.30330276489258,-85.3620834350586,1.75,2022-10-21 00:00:00,2022-10-21 00:00:00,2022-10-21 00:00:00,2022-10-21 00:00:00,2022-10-21 00:00:00,2022-10-21 00:00:00
13042477.0,2,47.42185974121094,-85.53541564941406,3.03,2022-10-21 00:00:00,2022-10-21 00:00:00,2022-10-21 00:00:00,2022-10-21 00:00:00,2022-10-21 00:00:00,2022-10-21 00:00:00
13040700.0,2,47.69920349121094,-85.55947875976562,1.95,2022-10-21 00:00:00,2022-10-21 00:00:00,2022-10-21 00:00:00,2022-10-21 00:00:00,2022-10-21 00:00:00,2022-10-21 00:00:00
13042000.0,2,47.400089263916016,-85.78125,0.01,2022-10-21 00:00:00,2022-10-21 00:00:00,2022-10-21 00:00:00,2022-10-21 00:00:00,2022-10-21 00:00:00,2022-10-21 00:00:00
13041183.0,4,47.538692474365234,-78.98472595214844,597.51,2022-10-30 12:00:00,,,,,
13041168.0,3,47.58930206298828,-77.12959289550781,63.61,2022-10-24 21:00:00,,,,,
13041310.0,4,47.51080322265625,-79.03606414794922,601.56,2022-10-30 12:00:00,,,,,
13041132.0,4,47.61589813232422,-78.86860656738281,584.96,2022-10-30 06:00:00,,,,,
13040759.0,3,47.69791412353516,-77.06014251708984,54.2,2022-10-23 21:00:00,,,,,
13040659.0,4,47.6662483215332,-78.7387466430664,575.27,2022-10-29 18:00:00,,,,,
13040829.0,2,47.80238342285156,-86.50791931152344,2.68,2022-10-21 00:00:00,,,,,
13039501.0,2,48.26865005493164,-86.50708770751953,2.68,2022-10-21 00:00:00,,,,,
13040591.0,2,47.6845817565918,-87.07499694824219,0.0,2022-10-21 00:00:00,2022-10-21 00:00:00,2022-10-21 00:00:00,2022-10-21 00:00:00,2022-10-21 00:00:00,2022-10-21 00:00:00
13040326.0,2,47.757083892822266,-76.99541473388672,42.59,2022-10-23 00:00:00,,,,,
13041039.0,2,47.61471939086914,-78.05333709716797,8.86,2022-10-26 18:00:00,,,,,
13039976.0,4,47.89020156860352,-78.69451141357422,542.85,2022-10-28 00:00:00,,,,,
13040660.0,4,47.757171630859375,-78.73059844970703,546.42,2022-10-28 06:00:00,,,,,
13040704.0,2,47.66493606567383,-78.09439086914062,12.02,2022-10-27 00:00:00,,,,,
13040245.0,2,47.83169174194336,-85.06708526611328,10.07,2022-10-24 15:00:00,,,,,
13040590.0,2,47.6845817565918,-87.59833526611328,0.0,2022-10-21 00:00:00,2022-10-21 00:00:00,2022-10-21 00:00:00,2022-10-21 00:00:00,2022-10-21 00:00:00,2022-10-21 00:00:00
13040465.0,2,47.87690734863281,-86.77958679199219,5.03,2022-10-21 00:00:00,,,,,
13039277.0,2,48.22735977172852,-86.77874755859375,4.89,2022-10-21 00:00:00,,,,,
13040335.0,2,48.20945739746094,-86.89958953857422,25.73,2022-10-21 00:00:00,,,,,
13040413.0,4,47.74216079711914,-78.26203918457031,401.17,2022-10-30 12:00:00,,,,,
13040366.0,4,47.7476921081543,-78.29467010498047,403.83,2022-10-30 00:00:00,,,,,
13036747.0,2,48.99964141845703,-86.81417083740234,20.79,2022-10-21 00:00:00,,,,,
13040252.0,5,47.79536437988281,-86.99901580810547,327.83,2022-10-21 00:00:00,,,,,
13040319.0,2,47.77628326416016,-76.96971893310547,40.53,2022-10-22 15:00:00,,,,,
13040211.0,2,47.825321197509766,-76.8465805053711,35.64,2022-10-22 06:00:00,,,,,
13040117.0,5,47.90293884277344,-87.0648422241211,327.96,2022-10-21 00:00:00,,,,,
13039872.0,2,47.907989501953125,-76.68660736083984,24.83,2022-10-21 15:00:00,,,,,
13039450.0,3,48.15024185180664,-87.11958312988281,19.71,2022-10-21 00:00:00,,,,,
13039449.0,5,48.150428771972656,-87.21623992919922,308.89,2022-10-21 00:00:00,,,,,
13040336.0,4,47.80261993408203,-78.35163116455078,411.79,2022-10-29 06:00:00,,,,,
13039704.0,4,47.92037963867188,-78.65898132324219,534.03,2022-10-28 00:00:00,,,,,
13039554.0,2,48.00266647338867,-76.60749053955078,13.94,2022-10-21 12:00:00,,,,,
13039696.0,4,47.93317031860352,-78.60148620605469,432.45,2022-10-28 12:00:00,,,,,
13040068.0,4,47.88835144042969,-78.46198272705078,421.08,2022-10-28 18:00:00,,,,,
13039397.0,2,48.05867767333984,-80.06989288330078,12.71,2022-10-21 00:00:00,,,,,
13039503.0,2,47.98666000366211,-78.08103942871094,12.62,2022-10-22 03:00:00,,,,,
13038229.0,3,48.56721878051758,-87.11876678466797,19.82,2022-10-21 00:00:00,,,,,
13038228.0,2,48.519073486328125,-87.31066131591797,1.94,2022-10-21 00:00:00,2022-10-21 00:00:00,2022-10-21 00:00:00,2022-10-21 00:00:00,2022-10-21 00:00:00,2022-10-21 00:00:00
13038227.0,5,48.41682434082031,-87.37926483154297,307.56,2022-10-21 00:00:00,,,,,
13037788.0,2,48.655982971191406,-86.77593231201172,4.91,2022-10-21 00:00:00,,,,,
13039510.0,2,48.01082611083984,-77.05514526367188,18.66,2022-10-22 12:00:00,,,,,
13039233.0,2,48.08560943603516,-77.12916564941406,29.27,2022-10-22 18:00:00,,,,,
13039462.0,2,48.03007507324219,-77.33283233642578,9.91,2022-10-22 15:00:00,,,,,
13039232.0,2,48.061824798583984,-77.29908752441406,35.28,2022-10-23 00:00:00,,,,,
13039451.0,2,48.03398132324219,-77.93438720703125,22.14,2022-10-21 00:00:00,,,,,
13039139.0,3,48.086124420166016,-77.32977294921875,45.35,2022-10-22 21:00:00,,,,,
13038886.0,2,48.141937255859375,-83.98582458496094,5.69,2022-10-31 00:00:00,,,,,
13039130.0,2,48.11681365966797,-77.67742156982422,17.01,2022-10-21 00:00:00,,,,,
13039034.0,2,48.13156509399414,-83.61833190917969,4.7,2022-10-30 18:00:00,,,,,
13038808.0,2,48.18999099731445,-77.67288208007812,23.87,2022-10-22 00:00:00,,,,,
13038747.0,2,48.18732070922852,-77.76593780517578,33.11,2022-10-25 06:00:00,,,,,
13039099.0,2,48.13443374633789,-77.8844985961914,31.94,2022-10-21 00:00:00,,,,,
13038726.0,2,48.188621520996094,-77.8414306640625,38.41,2022-10-25 12:00:00,,,,,
13038173.0,2,48.36495590209961,-88.96144104003906,9.24,2022-10-21 00:00:00,2022-10-21 00:00:00,2022-10-21 00:00:00,,,
13038408.0,2,48.3966178894043,-88.24526977539062,0.73,2022-10-21 00:00:00,2022-10-21 00:00:00,2022-10-21 00:00:00,2022-10-21 00:00:00,2022-10-21 00:00:00,2022-10-21 00:00:00
13038783.0,2,48.18710708618164,-83.60761260986328,7.79,2022-10-29 18:00:00,,,,,
13038626.0,2,48.212158203125,-83.59329223632812,12.04,2022-10-30 00:00:00,,,,,
13039020.0,3,48.15982818603516,-77.32462310791016,53.67,2022-10-23 00:00:00,,,,,
13038468.0,3,48.285606384277344,-90.79686737060548,14.69,2022-10-24 15:00:00,,,,,
13038548.0,2,48.23217391967773,-83.17780303955078,5.1,2022-10-31 00:00:00,,,,,
13038475.0,3,48.3939094543457,-88.66398620605469,46.07,2022-10-23 15:00:00,,,,,
13037294.0,3,48.5341682434082,-88.58583068847656,42.36,2022-10-30 18:00:00,,,,,
13038721.0,3,48.20954895019531,-77.94883728027344,73.33,2022-10-23 09:00:00,,,,,
13038600.0,3,48.240570068359375,-77.3274154663086,56.88,2022-10-23 09:00:00,,,,,
13037311.0,2,48.532962799072266,-88.24935150146484,0.75,2022-10-21 00:00:00,2022-10-21 00:00:00,2022-10-21 00:00:00,2022-10-21 00:00:00,2022-10-21 00:00:00,2022-10-21 00:00:00
13038469.0,3,48.25724411010742,-78.02252960205078,76.37,2022-10-23 21:00:00,,,,,
13038411.0,3,48.279876708984375,-77.31105041503906,63.01,2022-10-24 06:00:00,,,,,
13036193.0,2,48.8066635131836,-87.15431213378906,6.25,2022-10-21 00:00:00,2022-10-21 00:00:00,2022-10-24 18:00:00,,,
13036168.0,2,48.864166259765625,-87.08373260498047,12.79,2022-10-24 15:00:00,,,,,
13037328.0,2,48.66690826416016,-87.44267272949219,4.06,2022-10-21 00:00:00,2022-10-21 00:00:00,2022-10-21 00:00:00,2022-10-22 03:00:00,2022-10-30 06:00:00,
13037327.0,5,48.59403991699219,-87.48773193359375,303.61,2022-10-21 00:00:00,,,,,
13038279.0,2,48.30454254150391,-91.0800552368164,6.64,2022-10-21 00:00:00,2022-10-21 00:00:00,,,,
13038302.0,2,48.30196380615234,-82.63656616210938,13.93,2022-10-30 12:00:00,,,,,
13038292.0,2,48.30735397338867,-82.18627166748047,9.04,2022-10-21 21:00:00,,,,,
13037822.0,2,48.48229598999024,-88.94033813476562,5.2,2022-10-21 00:00:00,,,,,
13038234.0,2,48.32083511352539,-78.36750030517578,17.59,2022-10-24 21:00:00,,,,,
13038140.0,2,48.33396530151367,-83.74017333984375,4.07,2022-10-26 09:00:00,,,,,
13038105.0,2,48.339500427246094,-83.73941040039062,10.21,2022-10-22 00:00:00,,,,,
13037987.0,4,48.380218505859375,-91.9330062866211,77.96,2022-10-21 00:00:00,,,,,
13038095.0,4,48.35570526123047,-92.02796936035156,79.39,2022-10-21 00:00:00,,,,,
13038189.0,2,48.33545303344727,-82.5374984741211,19.15,2022-10-28 18:00:00,,,,,
13038614.0,2,48.28799819946289,-83.62411499023438,18.09,2022-10-29 06:00:00,,,,,
13038106.0,3,48.348419189453125,-83.70205688476562,14.63,2022-10-25 09:00:00,,,,,
13038119.0,2,48.35100936889648,-78.33920288085938,22.1,2022-10-23 21:00:00,,,,,
13037914.0,4,48.38417434692383,-91.82991027832033,72.77,2022-10-21 00:00:00,,,,,
13038272.0,3,48.33835220336914,-77.28201293945312,66.59,2022-10-24 18:00:00,,,,,
13037894.0,3,48.38849258422852,-91.22278594970705,25.59,2022-10-21 00:00:00,2022-10-21 21:00:00,,,,
13037928.0,3,48.3830680847168,-91.24119567871094,28.39,2022-10-21 00:00:00,2022-10-22 03:00:00,,,,
13037893.0,4,48.44541549682617,-91.67877960205078,70.65,2022-10-21 00:00:00,,,,,
13037729.0,3,48.462379455566406,-90.95252990722656,10.61,2022-10-21 00:00:00,,,,,
13038217.0,2,48.34751129150391,-91.16200256347656,11.46,2022-10-21 00:00:00,2022-10-21 03:00:00,,,,
13037895.0,3,48.4119873046875,-91.09954833984376,14.3,2022-10-21 00:00:00,2022-10-24 18:00:00,,,,
13037536.0,4,48.49219131469727,-91.52410888671876,63.3,2022-10-21 00:00:00,,,,,
13038627.0,2,48.29973602294922,-80.88187408447266,12.38,2022-10-22 06:00:00,,,,,
13037927.0,3,48.3942756652832,-91.27043151855467,32.44,2022-10-21 00:00:00,2022-10-23 21:00:00,,,,
13037550.0,2,48.48202896118164,-90.83956909179688,4.45,2022-10-21 00:00:00,,,,,
13037549.0,2,48.49336242675781,-90.86869049072266,5.76,2022-10-21 00:00:00,,,,,
13037691.0,3,48.45265197753906,-92.4525146484375,20.97,2022-10-21 00:00:00,,,,,
13037648.0,3,48.45452117919922,-92.30257415771484,18.26,2022-10-21 00:00:00,,,,,
13037692.0,3,48.44596481323242,-92.35659790039062,19.38,2022-10-21 00:00:00,,,,,
13037814.0,3,48.43256378173828,-91.31523895263672,37.17,2022-10-21 00:00:00,2022-10-24 15:00:00,,,,
13037593.0,3,48.52197265625,-92.14210510253906,14.63,2022-10-21 00:00:00,,,,,
13038064.0,2,48.40385437011719,-81.97805786132812,15.12,2022-10-30 12:00:00,,,,,
13037995.0,2,48.41531753540039,-78.34652709960938,29.54,2022-10-23 03:00:00,,,,,
13037212.0,2,48.55411911010742,-91.89338684082033,6.22,2022-10-21 00:00:00,,,,,
13037201.0,2,48.55938720703125,-91.96478271484376,6.77,2022-10-21 00:00:00,,,,,
13038024.0,3,48.43507766723633,-83.51202392578125,38.4,2022-10-27 06:00:00,,,,,
13037649.0,2,48.46310424804688,-83.3760757446289,5.74,2022-10-26 15:00:00,,,,,
13037930.0,3,48.42642593383789,-77.20075225830078,69.53,2022-10-27 12:00:00,,,,,
13037465.0,2,48.52204513549805,-90.72911834716795,2.49,2022-10-21 00:00:00,,,,,
13037554.0,3,48.475833892822266,-77.15333557128906,72.38,2022-10-27 18:00:00,,,,,
13037674.0,3,48.47081756591797,-91.41641235351562,42.3,2022-10-21 00:00:00,2022-10-25 00:00:00,,,,
13037434.0,3,48.54802703857422,-91.41859436035156,21.02,2022-10-21 00:00:00,,,,,
13037043.0,3,48.58795547485352,-91.32560729980467,13.91,2022-10-21 00:00:00,,,,,
13037824.0,3,48.46086120605469,-82.95587921142578,32.62,2022-10-30 06:00:00,,,,,
13037565.0,3,48.48926544189453,-83.33097839355469,44.74,2022-10-27 00:00:00,,,,,
13038356.0,3,48.40487289428711,-78.08326721191406,95.2,2022-10-24 12:00:00,,,,,
13037326.0,5,48.5789909362793,-93.4438247680664,527.54,2022-10-21 00:00:00,,,,,
13036741.0,2,48.79352188110352,-87.5400161743164,7.59,2022-10-25 03:00:00,,,,,
13036740.0,5,48.78775024414063,-87.63139343261719,296.04,2022-10-21 00:00:00,,,,,
13036863.0,5,48.6387825012207,-93.2497100830078,453.75,2022-10-21 00:00:00,,,,,
13036862.0,3,48.65791702270508,-93.29747772216795,77.69,2022-10-21 00:00:00,,,,,
13037269.0,3,48.62744522094727,-89.60834503173828,33.66,2022-10-29 18:00:00,,,,,
13038239.0,2,48.41521072387695,-80.99250793457031,14.96,2022-10-24 12:00:00,,,,,
13037412.0,3,48.51936721801758,-82.89128112792969,35.28,2022-10-30 00:00:00,,,,,
13037205.0,2,48.601219177246094,-92.4325180053711,5.85,2022-10-21 00:00:00,,,,,
13037275.0,2,48.54220962524414,-92.5964813232422,8.31,2022-10-21 00:00:00,,,,,
13036562.0,3,48.71930313110352,-89.6041259765625,31.02,2022-10-27 06:00:00,,,,,
13037017.0,2,48.61259841918945,-89.88774108886719,3.29,2022-10-23 09:00:00,,,,,
13037115.0,2,48.58557891845703,-91.9444351196289,4.51,2022-10-21 00:00:00,,,,,
13037093.0,2,48.5812873840332,-81.5481185913086,39.59,2022-10-23 00:00:00,,,,,
13037137.0,2,48.56967926025391,-81.52580261230469,42.74,2022-10-21 12:00:00,,,,,
13037035.0,2,48.60943984985352,-81.57018280029297,36.4,2022-10-26 18:00:00,,,,,
13037021.0,3,48.60791397094727,-91.31982421875,12.29,2022-10-21 00:00:00,,,,,
13037398.0,2,48.5918083190918,-81.70702362060547,22.28,2022-10-27 06:00:00,,,,,
13036901.0,3,48.64755630493164,-91.23973083496094,8.81,2022-10-21 15:00:00,,,,,
13037406.0,3,48.54999923706055,-83.31964874267578,48.5,2022-10-27 06:00:00,,,,,
13037022.0,2,48.59909057617188,-82.22979736328125,8.19,2022-10-21 21:00:00,,,,,
13037008.0,3,48.6053466796875,-82.2848892211914,69.38,2022-10-30 06:00:00,,,,,
13036907.0,4,48.62775421142578,-93.03854370117188,235.68,2022-10-21 00:00:00,,,,,
13036913.0,5,48.623985290527344,-93.1064453125,449.37,2022-10-21 00:00:00,,,,,
13036885.0,3,48.6557846069336,-92.8687744140625,101.13,2022-10-21 00:00:00,,,,,
13036884.0,4,48.70255279541016,-93.00129699707033,136.43,2022-10-21 00:00:00,,,,,
13036761.0,2,48.66543960571289,-91.16127014160156,3.04,2022-10-21 00:00:00,,,,,
13036735.0,3,48.68897247314453,-92.6211166381836,97.19,2022-10-21 00:00:00,,,,,
13036311.0,4,48.77458190917969,-92.95458221435548,130.85,2022-10-21 00:00:00,2022-10-21 00:00:00,,,,
13036310.0,2,48.78841781616211,-92.95790100097656,3.68,2022-10-21 00:00:00,,,,,
13036912.0,5,48.62739562988281,-93.18269348144533,452.69,2022-10-21 00:00:00,,,,,
13036688.0,2,48.678802490234375,-93.32036590576172,4.66,2022-10-24 15:00:00,,,,,
13036670.0,3,48.694122314453125,-93.29142761230467,76.66,2022-10-21 00:00:00,,,,,
13035942.0,5,48.87548828125,-87.82765197753906,281.22,2022-10-21 00:00:00,,,,,
13035940.0,2,48.95505905151367,-87.715087890625,13.91,2022-10-21 00:00:00,,,,,
13036548.0,3,48.74820709228516,-92.29451751708984,94.82,2022-10-21 00:00:00,,,,,
13037381.0,3,48.597686767578125,-78.07347106933594,106.15,2022-10-25 21:00:00,,,,,
13036953.0,3,48.64421463012695,-82.2139663696289,78.27,2022-10-29 12:00:00,,,,,
13036552.0,3,48.77051544189453,-93.32754516601562,70.11,2022-10-21 00:00:00,2022-10-24 21:00:00,,,,
13036674.0,2,48.68983840942383,-82.98583221435547,10.6,2022-10-25 18:00:00,,,,,
13036171.0,3,48.82003021240234,-93.42980194091795,30.72,2022-10-21 00:00:00,2022-10-24 18:00:00,,,,
13036096.0,2,48.860008239746094,-93.35723876953124,39.79,2022-10-21 00:00:00,2022-10-21 00:00:00,,,,
13036465.0,3,48.743309020996094,-91.98538970947266,88.69,2022-10-21 00:00:00,,,,,
13037619.0,2,48.60717391967773,-81.97186279296875,26.42,2022-10-24 00:00:00,,,,,
13037224.0,2,48.62053680419922,-83.55010223388672,15.93,2022-10-26 15:00:00,,,,,
13036999.0,3,48.67647552490234,-83.38727569580078,55.52,2022-10-27 12:00:00,,,,,
13036408.0,3,48.75810241699219,-91.83544921875,83.21,2022-10-21 00:00:00,,,,,
13036359.0,3,48.762577056884766,-91.7545928955078,77.16,2022-10-21 00:00:00,,,,,
13036351.0,3,48.76743316650391,-91.6795425415039,68.06,2022-10-21 00:00:00,,,,,
13036272.0,3,48.865535736083984,-91.6281967163086,66.39,2022-10-21 00:00:00,,,,,
13036290.0,2,48.91160583496094,-92.03468322753906,19.64,2022-10-21 00:00:00,,,,,
13036318.0,3,48.771820068359375,-92.4532699584961,21.17,2022-10-21 00:00:00,,,,,
13036284.0,4,48.80210494995117,-92.85934448242188,129.83,2022-10-21 00:00:00,2022-10-21 00:00:00,,,,
13036217.0,2,48.852447509765625,-69.0462875366211,25.99,2022-10-22 00:00:00,,,,,
13036707.0,3,48.72225189208984,-77.98038482666016,110.68,2022-10-26 12:00:00,,,,,
13036270.0,4,48.84241485595703,-92.72673797607422,104.19,2022-10-21 00:00:00,2022-10-21 00:00:00,,,,
13036058.0,2,48.87226486206055,-92.82546997070312,25.09,2022-10-21 00:00:00,2022-10-21 00:00:00,,,,
13035757.0,3,48.91510772705078,-91.51323699951172,60.45,2022-10-21 00:00:00,,,,,
13036213.0,3,48.85813522338867,-92.53911590576172,74.78,2022-10-21 00:00:00,2022-10-21 00:00:00,,,,
13036317.0,3,48.77641296386719,-92.56431579589844,22.95,2022-10-21 00:00:00,,,,,
13036271.0,3,48.789512634277344,-92.64459991455078,77.94,2022-10-21 00:00:00,2022-10-21 00:00:00,,,,
13037302.0,3,48.65500259399414,-82.83316040039062,67.29,2022-10-30 18:00:00,,,,,
13036620.0,2,48.73469543457031,-82.89762115478516,15.94,2022-10-26 00:00:00,,,,,
13035790.0,3,48.91843032836914,-92.44598388671876,66.91,2022-10-21 00:00:00,2022-10-21 00:00:00,,,,
13036496.0,2,48.77390670776367,-82.0387191772461,34.59,2022-10-22 00:00:00,,,,,
13036081.0,3,48.84477996826172,-93.52503967285156,29.21,2022-10-21 00:00:00,2022-10-21 00:00:00,,,,
13036167.0,2,48.82169342041016,-91.20613861083984,8.12,2022-10-21 00:00:00,,,,,
13036082.0,3,48.940956115722656,-91.13459014892578,41.6,2022-10-21 00:00:00,,,,,
13036302.0,3,48.793365478515625,-78.01470947265625,114.81,2022-10-27 12:00:00,,,,,
13036148.0,3,48.82124328613281,-78.0855484008789,116.12,2022-10-28 00:00:00,,,,,
13035857.0,2,48.89796447753906,-93.33316802978516,37.8,2022-10-21 00:00:00,2022-10-21 00:00:00,,,,
13036494.0,3,48.78407287597656,-83.43021392822266,74.14,2022-10-27 12:00:00,,,,,
13035304.0,3,49.03031921386719,-90.9695816040039,37.0,2022-10-21 00:00:00,,,,,
13036014.0,3,48.87710571289063,-93.58126831054688,26.44,2022-10-21 00:00:00,2022-10-21 00:00:00,,,,
13035780.0,2,48.94259643554688,-92.85885620117188,22.09,2022-10-21 00:00:00,2022-10-21 00:00:00,,,,
13035928.0,2,48.91439056396485,-90.29886627197266,8.92,2022-10-23 21:00:00,,,,,
13036051.0,2,48.860939025878906,-90.41195678710938,12.28,2022-10-21 00:00:00,,,,,
13036116.0,2,48.83644485473633,-82.25179290771484,13.37,2022-10-21 00:00:00,2022-10-21 21:00:00,,,,
13035946.0,2,48.883277893066406,-93.67189025878906,17.61,2022-10-21 00:00:00,2022-10-24 15:00:00,,,,
13035826.0,2,48.91508102416992,-93.6122055053711,9.06,2022-10-21 00:00:00,2022-10-21 12:00:00,,,,
13036333.0,2,48.81940078735352,-82.5437240600586,15.36,2022-10-21 21:00:00,,,,,
13036090.0,3,48.85099029541016,-83.35607147216797,78.29,2022-10-27 06:00:00,,,,,
13035915.0,2,49.00797653198242,-93.6732940673828,11.38,2022-10-21 00:00:00,2022-10-21 00:00:00,,,,
13035896.0,5,48.88239669799805,-87.93704986572266,275.46,2022-10-21 00:00:00,,,,,
13035916.0,2,48.90933609008789,-90.13200378417967,5.81,2022-10-21 09:00:00,,,,,
13036260.0,3,48.83280944824219,-82.83224487304688,84.23,2022-10-29 18:00:00,,,,,
13035885.0,5,48.885398864746094,-88.0152587890625,262.9,2022-10-21 12:00:00,,,,,
13035882.0,2,48.904815673828125,-88.0029525756836,10.77,2022-10-21 00:00:00,,,,,
13035881.0,5,48.90283203125,-88.06803131103516,261.65,2022-10-21 12:00:00,,,,,
13035699.0,2,49.003753662109375,-88.0942611694336,10.66,2022-10-21 00:00:00,,,,,
13035698.0,5,48.94278335571289,-88.17740631103516,250.8,2022-10-21 18:00:00,,,,,
13036153.0,3,48.84225082397461,-91.31468200683594,51.28,2022-10-21 00:00:00,,,,,
13035805.0,2,49.03518295288086,-93.291015625,34.45,2022-10-21 00:00:00,2022-10-21 00:00:00,,,,
13036050.0,2,48.86940383911133,-90.53878784179688,17.8,2022-10-21 00:00:00,,,,,
13034883.0,2,49.14096450805664,-93.14283752441406,27.54,2022-10-21 00:00:00,2022-10-21 00:00:00,,,,
13035837.0,2,48.90209197998047,-90.60413360595705,19.94,2022-10-21 00:00:00,,,,,
13035667.0,3,48.96873474121094,-92.42597198486328,65.26,2022-10-21 00:00:00,2022-10-21 00:00:00,,,,
13035746.0,3,48.9208984375,-91.45299530029295,57.5,2022-10-21 00:00:00,,,,,
13035870.0,3,48.89790725708008,-91.3875961303711,55.42,2022-10-21 00:00:00,,,,,
13035947.0,3,48.89717483520508,-83.34049987792969,98.23,2022-10-27 18:00:00,,,,,
13035550.0,5,49.0124397277832,-88.25859832763672,248.22,2022-10-21 15:00:00,,,,,
13035376.0,3,49.01431274414063,-92.39990234375,61.23,2022-10-21 00:00:00,2022-10-21 00:00:00,,,,
13035731.0,2,48.93044662475586,-76.2304458618164,10.8,2022-10-27 06:00:00,,,,,
13035795.0,2,48.93146514892578,-90.643310546875,23.74,2022-10-21 00:00:00,,,,,
13035811.0,2,48.92862319946289,-82.91284942626953,5.85,2022-10-26 09:00:00,,,,,
13035145.0,5,49.0881233215332,-88.32136535644531,240.99,2022-10-22 00:00:00,,,,,
13035900.0,3,48.92228317260742,-82.83185577392578,89.49,2022-10-29 18:00:00,,,,,
13035578.0,2,48.95988082885742,-82.8690414428711,8.74,2022-10-26 15:00:00,,,,,
13035540.0,3,48.97297286987305,-82.83903503417969,98.3,2022-10-29 12:00:00,,,,,
13035959.0,2,48.92517852783203,-82.40202331542969,25.06,2022-10-21 00:00:00,2022-10-26 18:00:00,,,,
13035500.0,3,48.992523193359375,-82.83297729492188,100.65,2022-10-29 06:00:00,,,,,
13035339.0,3,49.10401916503906,-92.41437530517578,57.29,2022-10-21 00:00:00,2022-10-21 00:00:00,,,,
13034705.0,3,49.1840934753418,-92.35572814941406,48.91,2022-10-21 00:00:00,2022-10-21 00:00:00,,,,
13035583.0,2,48.9926872253418,-90.82302856445312,27.1,2022-10-21 00:00:00,,,,,
13035399.0,2,49.0159797668457,-94.67284393310548,9.61,2022-10-24 18:00:00,,,,,
13034905.0,5,49.13105392456055,-88.35667419433594,238.47,2022-10-22 09:00:00,,,,,
13035484.0,2,49.029144287109375,-83.38811492919922,7.66,2022-10-28 18:00:00,,,,,
13035396.0,3,49.04475402832031,-82.78897857666016,103.45,2022-10-29 06:00:00,,,,,
13035083.0,2,49.08701705932617,-93.86429595947266,6.19,2022-10-21 00:00:00,2022-10-24 15:00:00,,,,
13035009.0,3,49.09998321533203,-82.75720977783203,106.45,2022-10-29 06:00:00,,,,,
13034997.0,2,49.10358428955078,-94.00129699707033,13.03,2022-10-21 00:00:00,2022-10-24 18:00:00,,,,
13035217.0,2,49.124141693115234,-91.80110168457033,11.91,2022-10-21 00:00:00,2022-10-21 00:00:00,,,,
13034845.0,5,49.31593704223633,-88.29243469238281,234.23,2022-10-23 12:00:00,,,,,
13034742.0,2,49.20806121826172,-93.04988098144533,24.67,2022-10-21 00:00:00,2022-10-21 00:00:00,,,,
13033435.0,5,49.491249084472656,-88.2129135131836,174.96,2022-10-21 00:00:00,,,,,
13034924.0,2,49.133262634277344,-94.12147521972656,18.24,2022-10-21 00:00:00,2022-10-24 18:00:00,,,,
13034880.0,2,49.15963745117188,-69.28873443603516,13.62,2022-10-22 09:00:00,,,,,
13034832.0,2,49.15348052978516,-94.23088836669922,20.19,2022-10-21 00:00:00,2022-10-25 00:00:00,,,,
13034365.0,2,49.26421356201172,-92.9886474609375,18.39,2022-10-21 00:00:00,2022-10-21 00:00:00,,,,
13035405.0,2,49.09352493286133,-82.22765350341797,33.51,2022-10-22 09:00:00,,,,,
13034914.0,2,49.14589691162109,-91.91210174560548,18.83,2022-10-21 00:00:00,2022-10-21 00:00:00,,,,
13034697.0,2,49.195919036865234,-92.25125122070312,42.98,2022-10-21 00:00:00,2022-10-21 00:00:00,,,,
13034557.0,2,49.209228515625,-92.32427215576172,4.89,2022-10-21 00:00:00,,,,,
13035721.0,3,49.050819396972656,-83.3136978149414,101.61,2022-10-28 06:00:00,,,,,
13034576.0,2,49.24615478515625,-92.08059692382812,31.01,2022-10-21 00:00:00,2022-10-21 00:00:00,,,,
13034698.0,2,49.23297500610352,-92.13150787353516,38.87,2022-10-21 00:00:00,2022-10-21 00:00:00,,,,
13034747.0,3,49.16934585571289,-94.35735321044922,23.66,2022-10-21 00:00:00,,,,,
13034943.0,3,49.14422225952149,-82.72293853759766,114.1,2022-10-29 00:00:00,,,,,
13034714.0,2,49.19640350341797,-91.95335388183594,22.86,2022-10-21 00:00:00,2022-10-21 00:00:00,,,,
13034646.0,2,49.207122802734375,-76.85853576660156,17.75,2022-10-27 00:00:00,,,,,
13034603.0,2,49.20741653442383,-92.01764678955078,27.11,2022-10-21 00:00:00,2022-10-21 00:00:00,,,,
13034593.0,2,49.21159744262695,-77.06096649169922,22.51,2022-10-27 06:00:00,,,,,
13034672.0,3,49.2012825012207,-94.43283081054688,25.89,2022-10-21 00:00:00,,,,,
13034699.0,3,49.199256896972656,-83.37395477294922,113.78,2022-10-28 18:00:00,,,,,
13034516.0,3,49.23394012451172,-94.51071166992188,26.5,2022-10-21 00:00:00,,,,,
13034436.0,3,49.2403678894043,-94.57386016845705,26.91,2022-10-21 00:00:00,,,,,
13034331.0,2,49.26874923706055,-93.36333465576172,9.2,2022-10-21 00:00:00,2022-10-21 00:00:00,,,,
13034347.0,2,49.27260971069336,-92.96134185791016,14.24,2022-10-21 00:00:00,2022-10-21 00:00:00,,,,
13034717.0,4,49.21931076049805,-82.05519104003906,243.66,2022-10-30 12:00:00,,,,,
13034434.0,3,49.25047302246094,-94.70886993408205,27.0,2022-10-25 00:00:00,,,,,
13034320.0,3,49.27465057373047,-94.85369110107422,27.27,2022-10-25 06:00:00,,,,,
13034485.0,3,49.27297592163086,-83.36726379394531,116.29,2022-10-29 00:00:00,,,,,
13034174.0,2,49.32933044433594,-83.33868408203125,3.41,2022-10-30 00:00:00,,,,,
13035024.0,2,49.20954513549805,-83.04766845703125,19.01,2022-10-28 00:00:00,,,,,
13034381.0,2,49.28999710083008,-93.4880828857422,16.25,2022-10-21 00:00:00,2022-10-21 00:00:00,,,,
13034086.0,2,49.34633255004883,-93.85333251953124,13.24,2022-10-21 00:00:00,2022-10-24 15:00:00,,,,
13034058.0,3,49.37809753417969,-93.74790954589844,39.04,2022-10-21 00:00:00,2022-10-21 00:00:00,,,,
13034124.0,2,49.35124588012695,-93.62399291992188,19.94,2022-10-21 00:00:00,2022-10-21 00:00:00,,,,
13033917.0,2,49.39005279541016,-93.58654022216795,13.85,2022-10-21 00:00:00,2022-10-21 00:00:00,,,,
13034634.0,3,49.28084945678711,-82.5980224609375,119.55,2022-10-29 00:00:00,,,,,
13034173.0,3,49.3387451171875,-83.42105865478516,119.69,2022-10-29 06:00:00,,,,,
13033779.0,2,49.44142532348633,-93.5498275756836,10.23,2022-10-21 00:00:00,2022-10-21 00:00:00,,,,
13033918.0,2,49.3841667175293,-86.9749984741211,10.7,2022-10-21 00:00:00,,,,,
13033814.0,2,49.50997924804688,-80.08916473388672,12.86,2022-10-27 00:00:00,,,,,
13033284.0,2,49.54704666137695,-93.91085815429688,13.42,2022-10-24 18:00:00,,,,,
13033946.0,2,49.40332412719727,-88.13926696777344,4.53,2022-10-21 00:00:00,,,,,
13033760.0,2,49.43441009521485,-88.09993743896484,6.01,2022-10-21 00:00:00,,,,,
13034077.0,3,49.39098739624024,-93.9394760131836,55.93,2022-10-21 00:00:00,2022-10-21 00:00:00,,,,
13033684.0,2,49.47597885131836,-93.95244598388672,23.98,2022-10-21 00:00:00,2022-10-25 00:00:00,,,,
13033784.0,2,49.42373275756836,-94.19344329833984,7.63,2022-10-21 00:00:00,2022-10-21 00:00:00,,,,
13033705.0,2,49.43833541870117,-80.56749725341797,20.58,2022-10-21 00:00:00,,,,,
13033640.0,2,49.50424957275391,-80.46424102783203,16.75,2022-10-25 15:00:00,,,,,
13034309.0,2,49.36732482910156,-91.44486236572266,8.81,2022-10-21 00:00:00,,,,,
13033850.0,2,49.42600631713867,-86.93305206298828,14.59,2022-10-21 00:00:00,,,,,
13033711.0,2,49.44559860229492,-87.49201202392578,14.65,2022-10-21 00:00:00,,,,,
13033639.0,3,49.45348739624024,-80.60356140136719,38.24,2022-10-22 06:00:00,,,,,
13033679.0,3,49.454219818115234,-94.11624145507812,80.88,2022-10-21 00:00:00,2022-10-24 21:00:00,,,,
13033677.0,2,49.455684661865234,-94.21092987060548,15.76,2022-10-21 00:00:00,2022-10-21 00:00:00,2022-10-24 12:00:00,,,
13033659.0,2,49.45783996582031,-83.3191909790039,3.65,2022-10-26 18:00:00,,,,,
13033519.0,3,49.47494125366211,-94.21845245361328,95.37,2022-10-21 00:00:00,2022-10-21 00:00:00,,,,
13033559.0,3,49.47793197631836,-80.65463256835938,40.72,2022-10-22 09:00:00,,,,,
13033424.0,3,49.50303649902344,-88.1964340209961,25.98,2022-10-21 00:00:00,,,,,
13033423.0,5,49.54767227172852,-88.21617889404297,149.26,2022-10-21 00:00:00,,,,,
13033509.0,2,49.51501083374024,-88.3733901977539,4.99,2022-10-21 00:00:00,2022-10-26 18:00:00,,,,
13033680.0,3,49.47409057617188,-88.16262817382812,11.6,2022-10-21 00:00:00,,,,,
13033353.0,2,49.60558319091797,-87.8989028930664,14.36,2022-10-21 00:00:00,,,,,
13033009.0,3,49.62442779541016,-88.19195556640625,51.1,2022-10-21 00:00:00,,,,,
13033975.0,3,49.42891311645508,-82.44071197509766,133.78,2022-10-30 00:00:00,,,,,
13033502.0,3,49.483306884765625,-94.26419830322266,98.07,2022-10-21 00:00:00,2022-10-21 00:00:00,,,,
13034144.0,2,49.42203140258789,-82.9509048461914,23.35,2022-10-29 06:00:00,,,,,
13032853.0,2,49.65473556518555,-87.59147644042969,9.1,2022-10-21 00:00:00,2022-10-21 00:00:00,,,,
13033401.0,2,49.50520706176758,-88.60399627685547,2.85,2022-10-21 00:00:00,,,,,
13033347.0,2,49.5224838256836,-88.60448455810547,3.85,2022-10-21 00:00:00,2022-10-29 06:00:00,,,,
13033328.0,2,49.529178619384766,-88.67558288574219,2.46,2022-10-21 00:00:00,,,,,
13033172.0,2,49.62211227416992,-93.95848083496094,10.75,2022-10-24 18:00:00,,,,,
13033399.0,2,49.52053451538086,-91.67073059082033,9.28,2022-10-21 00:00:00,,,,,
13033393.0,3,49.52292251586914,-94.34414672851562,99.39,2022-10-21 00:00:00,2022-10-21 00:00:00,,,,
13033596.0,2,49.50059509277344,-91.33609771728516,11.69,2022-10-21 00:00:00,,,,,
13033417.0,3,49.52909851074219,-82.38569641113281,134.13,2022-10-30 12:00:00,,,,,
13033701.0,2,49.513763427734375,-87.19009399414062,11.18,2022-10-21 00:00:00,2022-10-21 00:00:00,,,,
13033252.0,2,49.55333709716797,-92.204345703125,4.4,2022-10-24 15:00:00,,,,,
13033130.0,2,49.57670211791992,-92.3531723022461,15.41,2022-10-21 00:00:00,,,,,
13033800.0,2,49.48890686035156,-92.38654327392578,11.23,2022-10-24 15:00:00,,,,,
13033149.0,2,49.570194244384766,-92.41465759277344,18.33,2022-10-24 18:00:00,,,,,
13033286.0,3,49.562835693359375,-88.56307220458984,6.31,2022-10-21 00:00:00,,,,,
13033174.0,2,49.56803512573242,-92.29200744628906,10.06,2022-10-21 00:00:00,,,,,
13033248.0,2,49.56492233276367,-91.67079162597656,11.42,2022-10-21 00:00:00,,,,,
13033452.0,3,49.53952026367188,-80.7646255493164,48.71,2022-10-23 06:00:00,,,,,
13033751.0,2,49.50902938842773,-83.98228454589844,11.94,2022-10-21 18:00:00,,,,,
13033060.0,3,49.59208297729492,-80.84541320800781,56.63,2022-10-27 00:00:00,,,,,
13032831.0,3,49.65635681152344,-88.1517562866211,50.32,2022-10-21 00:00:00,,,,,
13033581.0,2,49.530738830566406,-87.4299545288086,22.82,2022-10-21 00:00:00,,,,,
13033001.0,2,49.60874938964844,-87.40791320800781,27.05,2022-10-21 00:00:00,,,,,
13033225.0,3,49.58794021606445,-94.43299102783205,103.58,2022-10-21 00:00:00,2022-10-21 00:00:00,,,,
13032801.0,3,49.683475494384766,-88.03511810302734,49.48,2022-10-21 00:00:00,,,,,
13032548.0,3,49.739051818847656,-87.87442016601562,47.58,2022-10-21 00:00:00,,,,,
13033139.0,3,49.61137390136719,-92.5008316040039,30.6,2022-10-25 00:00:00,,,,,
13032514.0,4,49.80978775024414,-88.28184509277344,35.53,2022-10-25 21:00:00,,,,,
13032694.0,2,49.692813873291016,-91.91140747070312,2.95,2022-10-21 00:00:00,,,,,
13033180.0,2,49.62078475952149,-86.98033142089844,20.14,2022-10-21 00:00:00,2022-10-21 00:00:00,,,,
13032793.0,2,49.67608642578125,-94.34169006347656,17.65,2022-10-24 12:00:00,2022-10-24 18:00:00,2022-10-24 21:00:00,,,
13032757.0,2,49.68073272705078,-93.2248764038086,4.99,2022-10-21 00:00:00,2022-10-24 12:00:00,,,,
13032684.0,2,49.692420959472656,-86.86959838867188,23.16,2022-10-21 00:00:00,2022-10-24 12:00:00,,,,
13033066.0,2,49.63758850097656,-91.5932388305664,16.07,2022-10-21 00:00:00,,,,,
13032654.0,2,49.69697570800781,-93.22473907470705,9.13,2022-10-24 12:00:00,,,,,
13032973.0,2,49.66884231567383,-87.33622741699219,30.6,2022-10-21 00:00:00,,,,,
13032556.0,2,49.72568130493164,-87.26696014404297,3.99,2022-10-21 00:00:00,,,,,
13032555.0,3,49.72738265991211,-87.33049011230469,34.62,2022-10-21 00:00:00,,,,,
13032433.0,3,49.77328872680664,-87.73998260498047,44.62,2022-10-21 00:00:00,,,,,
13031897.0,3,49.93862915039063,-88.28266143798828,21.4,2022-10-21 00:00:00,,,,,
13032552.0,3,49.7364616394043,-87.46772766113281,38.91,2022-10-21 00:00:00,,,,,
13032479.0,3,49.76058578491211,-87.62862396240234,41.85,2022-10-21 00:00:00,,,,,
13033043.0,3,49.69563674926758,-80.9639892578125,67.87,2022-10-26 15:00:00,,,,,
13033582.0,2,49.61539077758789,-86.7284164428711,23.49,2022-10-21 00:00:00,,,,,
13032634.0,3,49.74077987670898,-91.48665618896484,80.77,2022-10-21 03:00:00,,,,,
13032695.0,2,49.74092864990234,-91.78005981445312,7.3,2022-10-21 00:00:00,,,,,
13032294.0,3,49.78734970092773,-91.48490142822266,82.2,2022-10-21 00:00:00,,,,,
13032263.0,2,49.79203796386719,-91.47199249267578,5.85,2022-10-24 12:00:00,,,,,
13031980.0,2,49.89681243896485,-92.83534240722656,11.82,2022-10-24 18:00:00,,,,,
13032242.0,2,49.82879638671875,-91.60491943359376,12.14,2022-10-21 00:00:00,,,,,
13032232.0,3,49.84288024902344,-91.5053939819336,89.58,2022-10-21 00:00:00,,,,,
13031659.0,2,49.95669174194336,-92.95440673828124,7.67,2022-10-24 18:00:00,,,,,
13032652.0,2,49.80179977416992,-86.6839370727539,27.73,2022-10-21 00:00:00,,,,,
13032339.0,3,49.82234573364258,-86.52052307128906,28.47,2022-10-21 00:00:00,,,,,
13031475.0,3,50.06421661376953,-88.2612075805664,20.17,2022-10-21 15:00:00,,,,,
13031973.0,3,49.88539505004883,-91.61161041259766,102.93,2022-10-21 00:00:00,,,,,
13031945.0,3,49.88560104370117,-86.49903106689453,56.27,2022-10-21 00:00:00,,,,,
13031785.0,2,49.92998504638672,-90.92057037353516,6.74,2022-10-24 15:00:00,,,,,
13031622.0,3,49.95661544799805,-86.35039520263672,69.73,2022-10-21 06:00:00,,,,,
13031847.0,3,49.94295501708984,-86.44578552246094,67.64,2022-10-21 00:00:00,,,,,
13031872.0,3,49.92720031738281,-91.7471923828125,107.02,2022-10-21 00:00:00,,,,,
13031590.0,3,49.970001220703125,-91.8108367919922,108.42,2022-10-21 00:00:00,,,,,
13032003.0,2,49.928810119628906,-92.17062377929688,8.8,2022-10-21 00:00:00,,,,,
13031916.0,2,49.93425369262695,-92.09043884277344,6.23,2022-10-24 21:00:00,,,,,
13030914.0,2,50.158782958984375,-88.2448501586914,10.59,2022-10-21 00:00:00,,,,,
13031222.0,3,50.12554550170898,-88.7095718383789,21.74,2022-10-21 00:00:00,,,,,
13031653.0,3,49.97443389892578,-86.26896667480469,71.48,2022-10-22 06:00:00,,,,,
13031176.0,3,50.071250915527344,-88.98291778564453,9.83,2022-10-21 00:00:00,,,,,
13031546.0,3,50.00444030761719,-91.8471450805664,112.87,2022-10-21 00:00:00,,,,,
13031336.0,2,50.03426361083984,-90.71385192871094,7.57,2022-10-21 00:00:00,,,,,
13031535.0,3,50.00087356567383,-91.92584228515624,16.45,2022-10-21 00:00:00,,,,,
13031333.0,3,50.037559509277344,-91.88648986816406,114.27,2022-10-21 00:00:00,,,,,
13031318.0,2,50.04125213623047,-91.2612533569336,4.59,2022-10-24 15:00:00,,,,,
13031406.0,3,50.04304122924805,-86.09160614013672,73.47,2022-10-26 03:00:00,,,,,
13030696.0,2,50.18954849243164,-88.66814422607422,5.24,2022-10-21 00:00:00,2022-10-21 00:00:00,2022-10-21 00:00:00,2022-10-21 00:00:00,2022-10-24 18:00:00,
13031218.0,2,50.16794204711914,-88.82150268554688,5.51,2022-10-21 00:00:00,,,,,
13030948.0,3,50.16005706787109,-91.61343383789062,62.97,2022-10-21 00:00:00,,,,,
13031278.0,4,50.05295944213867,-91.9076919555664,130.37,2022-10-21 00:00:00,,,,,
13031213.0,3,50.097923278808594,-91.80010223388672,65.25,2022-10-21 00:00:00,,,,,
13031266.0,2,50.05666732788086,-91.24583435058594,7.5,2022-10-21 00:00:00,,,,,
13031171.0,2,50.14052963256836,-88.94966888427734,3.99,2022-10-21 00:00:00,,,,,
13031170.0,2,50.127662658691406,-89.08796691894531,5.85,2022-10-21 00:00:00,,,,,
13030975.0,2,50.13030242919922,-67.138671875,62.34,2022-10-23 15:00:00,,,,,
13031162.0,3,50.08395385742188,-90.85042572021484,26.3,2022-10-21 00:00:00,,,,,
13030837.0,6,50.16715240478516,-95.64054107666016,1435.15,2022-10-27 12:00:00,,,,,
13031269.0,2,50.08774948120117,-92.07489013671876,7.81,2022-10-21 00:00:00,,,,,
13031209.0,4,50.09443664550781,-91.94677734375,197.31,2022-10-21 00:00:00,,,,,
13030991.0,2,50.13612747192383,-67.23104095458984,57.42,2022-10-22 21:00:00,,,,,
13031008.0,6,50.14746475219727,-95.84354400634766,1444.38,2022-10-28 00:00:00,,,,,
13030792.0,3,50.17518615722656,-91.52955627441406,59.95,2022-10-21 00:00:00,,,,,
13031199.0,2,50.101444244384766,-91.19918823242188,9.55,2022-10-21 00:00:00,,,,,
13031128.0,3,50.10683059692383,-91.02722930908205,31.03,2022-10-21 00:00:00,,,,,
13030944.0,3,50.133399963378906,-91.1619644165039,40.15,2022-10-21 00:00:00,,,,,
13030736.0,2,50.1915397644043,-88.2546615600586,9.64,2022-10-21 06:00:00,,,,,
13031271.0,2,50.10335540771485,-90.35816955566406,9.21,2022-10-21 00:00:00,,,,,
13030995.0,4,50.12954330444336,-92.02930450439452,205.12,2022-10-21 00:00:00,,,,,
13030712.0,6,50.314571380615234,-95.43751525878906,1433.64,2022-10-27 06:00:00,,,,,
13030272.0,5,50.29659652709961,-94.896484375,667.06,2022-10-27 12:00:00,,,,,
13030809.0,5,50.22570037841797,-95.00013732910156,672.13,2022-10-27 18:00:00,,,,,
13030763.0,3,50.17564010620117,-91.48722839355467,54.16,2022-10-21 00:00:00,,,,,
13030735.0,2,50.26951217651367,-91.43411254882812,5.86,2022-10-21 15:00:00,,,,,
13031224.0,2,50.115909576416016,-92.655517578125,6.76,2022-10-21 00:00:00,,,,,
13030935.0,3,50.145606994628906,-91.2235107421875,44.02,2022-10-21 00:00:00,,,,,
13030370.0,5,50.27696990966797,-94.0047607421875,502.32,2022-10-25 15:00:00,,,,,
13030772.0,5,50.220436096191406,-94.08575439453124,636.37,2022-10-26 09:00:00,,,,,
13030741.0,3,50.18416595458984,-91.45077514648438,51.52,2022-10-21 00:00:00,,,,,
13030771.0,5,50.17629623413086,-94.16626739501952,640.12,2022-10-26 12:00:00,,,,,
13030692.0,3,50.20497131347656,-91.38848876953124,49.56,2022-10-21 00:00:00,,,,,
13030630.0,2,50.22281646728516,-88.29247283935547,7.31,2022-10-24 18:00:00,,,,,
13030300.0,6,50.30831146240234,-95.21749877929688,1439.29,2022-10-26 15:00:00,,,,,
13030688.0,2,50.22179412841797,-88.65416717529297,3.52,2022-10-21 00:00:00,2022-10-21 00:00:00,2022-10-21 00:00:00,,,
13030773.0,3,50.196895599365234,-91.29576110839844,48.2,2022-10-21 00:00:00,,,,,
13030872.0,4,50.178035736083984,-92.02252197265624,211.79,2022-10-21 00:00:00,,,,,
13030808.0,6,50.20327758789063,-95.08686065673828,1436.59,2022-10-26 09:00:00,,,,,
13030755.0,5,50.18936920166016,-94.31995391845705,641.18,2022-10-26 18:00:00,,,,,
13030875.0,2,50.19472503662109,-90.24630737304688,15.91,2022-10-21 00:00:00,,,,,
13030487.0,5,50.24359893798828,-94.41156768798828,642.02,2022-10-26 18:00:00,,,,,
13030429.0,5,50.24661636352539,-94.44998168945312,642.71,2022-10-26 21:00:00,,,,,
13030243.0,5,50.33294296264648,-93.970947265625,501.07,2022-10-25 15:00:00,,,,,
13030223.0,2,50.32927322387695,-66.41210174560547,41.5,2022-10-21 15:00:00,,,,,
13030475.0,2,50.2533073425293,-90.43372344970705,5.76,2022-10-21 00:00:00,2022-10-21 03:00:00,,,,
13030505.0,6,50.25851440429688,-95.17960357666016,1438.63,2022-10-26 12:00:00,,,,,
13030234.0,2,50.36091613769531,-65.89900970458984,37.86,2022-10-23 00:00:00,,,,,
13030863.0,2,50.2275276184082,-93.04015350341795,6.63,2022-10-24 15:00:00,2022-10-24 21:00:00,,,,
13030601.0,2,50.24939727783203,-93.11541748046876,10.28,2022-10-24 15:00:00,2022-10-24 21:00:00,,,,
13030356.0,2,50.27962112426758,-90.3914566040039,9.62,2022-10-21 00:00:00,,,,,
13029345.0,2,50.54093170166016,-65.53093719482422,43.17,2022-10-22 21:00:00,,,,,
13030264.0,5,50.29938888549805,-94.77507781982422,665.36,2022-10-27 12:00:00,,,,,
13030159.0,5,50.33880615234375,-94.72232818603516,661.89,2022-10-27 06:00:00,,,,,
13030012.0,2,50.364593505859375,-64.25254821777344,28.32,2022-10-21 18:00:00,,,,,
13030193.0,2,50.47583770751953,-63.79380035400391,151.6,2022-10-24 03:00:00,,,,,
13030192.0,2,50.31367111206055,-64.04195404052734,62.16,2022-10-21 21:00:00,,,,,
13030007.0,5,50.38545989990234,-93.86150360107422,500.06,2022-10-25 09:00:00,,,,,
13030186.0,2,50.31928253173828,-63.65935516357422,160.49,2022-10-21 12:00:00,,,,,
13030211.0,4,50.31041717529297,-92.28302001953124,294.82,2022-10-21 00:00:00,,,,,
13030162.0,4,50.36977767944336,-92.13299560546876,292.25,2022-10-21 00:00:00,,,,,
13030113.0,2,50.34604263305664,-63.61878967285156,146.79,2022-10-21 12:00:00,,,,,
13030288.0,3,50.2978630065918,-93.11876678466795,16.85,2022-10-24 15:00:00,2022-10-24 21:00:00,,,,
13030017.0,4,50.3828125,-92.0028076171875,223.88,2022-10-21 00:00:00,,,,,
13029763.0,3,50.41448593139648,-92.00481414794922,66.17,2022-10-21 00:00:00,,,,,
13030422.0,5,50.30489730834961,-94.5710220336914,640.69,2022-10-27 06:00:00,,,,,
13030231.0,4,50.30531311035156,-92.3934326171875,300.36,2022-10-21 00:00:00,,,,,
13030966.0,6,50.22428131103516,-96.0408935546875,1461.54,2022-10-28 12:00:00,,,,,
13030026.0,2,50.36130142211914,-63.52570343017578,96.38,2022-10-21 12:00:00,,,,,
13030154.0,4,50.32328796386719,-92.48664855957033,303.24,2022-10-21 00:00:00,,,,,
13030111.0,4,50.32974243164063,-92.52980041503906,304.7,2022-10-21 00:00:00,,,,,
13029825.0,2,50.3978157043457,-91.53111267089844,9.67,2022-10-24 12:00:00,,,,,
13030779.0,2,50.25357818603516,-92.6388168334961,9.4,2022-10-21 00:00:00,,,,,
13030103.0,4,50.337646484375,-92.58493041992188,307.72,2022-10-21 09:00:00,,,,,
13030061.0,4,50.345951080322266,-92.66864776611328,317.02,2022-10-21 06:00:00,,,,,
13030001.0,2,50.35797119140625,-94.38565063476562,5.06,2022-10-24 12:00:00,,,,,
13030019.0,2,50.44547271728516,-63.42889022827149,65.36,2022-10-21 12:00:00,,,,,
13030287.0,2,50.327823638916016,-90.29521942138672,13.3,2022-10-21 00:00:00,2022-10-24 21:00:00,,,,
13030597.0,4,50.25942611694336,-92.03474426269533,216.74,2022-10-21 00:00:00,,,,,
13029968.0,2,50.36833190917969,-64.29441833496094,18.48,2022-10-21 21:00:00,,,,,
13029699.0,5,50.43444061279297,-93.84717559814452,499.13,2022-10-25 03:00:00,,,,,
13030048.0,4,50.3519401550293,-92.7326889038086,319.67,2022-10-21 06:00:00,,,,,
13030148.0,6,50.34819030761719,-95.98584747314452,1462.26,2022-10-28 12:00:00,,,,,
13029786.0,2,50.4222297668457,-91.42311096191406,8.18,2022-10-24 15:00:00,,,,,
13030176.0,3,50.35677719116211,-93.16521453857422,17.73,2022-10-24 21:00:00,,,,,
13029566.0,2,50.51258087158203,-91.32281494140624,4.34,2022-10-24 15:00:00,,,,,
13029701.0,3,50.440696716308594,-91.93228149414062,63.45,2022-10-21 00:00:00,,,,,
13029976.0,4,50.38516616821289,-92.7640609741211,320.49,2022-10-21 12:00:00,,,,,
13029760.0,2,50.4253044128418,-92.73783111572266,7.8,2022-10-24 15:00:00,,,,,
13030064.0,2,50.37150955200195,-91.68865966796876,15.25,2022-10-24 12:00:00,,,,,
13029724.0,2,50.43125915527344,-91.84906768798828,18.6,2022-10-21 18:00:00,,,,,
13029544.0,3,50.50166702270508,-91.89939880371094,43.12,2022-10-21 00:00:00,,,,,
13029581.0,5,50.47396469116211,-93.8091812133789,495.96,2022-10-25 03:00:00,,,,,
13029759.0,4,50.4177131652832,-92.77457427978516,325.73,2022-10-21 15:00:00,,,,,
13029686.0,2,50.45384979248047,-92.7849578857422,7.48,2022-10-24 15:00:00,2022-10-24 18:00:00,,,,
13029806.0,3,50.41353988647461,-93.20330810546876,18.69,2022-10-24 21:00:00,,,,,
13029338.0,3,50.506324768066406,-93.78595733642578,21.65,2022-10-24 21:00:00,,,,,
13029333.0,5,50.5456657409668,-93.7043914794922,486.28,2022-10-25 06:00:00,,,,,
13029504.0,2,50.50729751586914,-92.16492462158205,12.93,2022-10-21 00:00:00,,,,,
13029130.0,3,50.57467269897461,-91.89313507080078,29.08,2022-10-21 12:00:00,,,,,
13029685.0,4,50.44124221801758,-92.85828399658205,329.05,2022-10-22 00:00:00,,,,,
13029776.0,2,50.44255065917969,-90.93675994873048,11.46,2022-10-21 00:00:00,,,,,
13029923.0,6,50.4232177734375,-95.99112701416016,1477.96,2022-10-28 18:00:00,,,,,
13029537.0,4,50.463626861572266,-92.9521942138672,330.68,2022-10-22 06:00:00,,,,,
13030025.0,2,50.405540466308594,-90.18619537353516,16.14,2022-10-21 00:00:00,,,,,
13029372.0,2,50.507083892822266,-93.84673309326172,6.04,2022-10-24 12:00:00,2022-10-24 15:00:00,2022-10-24 18:00:00,,,
13029076.0,5,50.57526397705078,-93.49977111816406,486.26,2022-10-25 03:00:00,,,,,
13028942.0,3,50.620887756347656,-91.8133316040039,25.62,2022-10-24 18:00:00,,,,,
13029503.0,6,50.50155258178711,-96.08772277832033,1478.93,2022-10-29 00:00:00,,,,,
13028982.0,5,50.61735916137695,-93.40298461914062,462.85,2022-10-24 18:00:00,,,,,
13029102.0,6,50.5597038269043,-96.14781951904295,1484.94,2022-10-29 00:00:00,,,,,
13029495.0,4,50.53418731689453,-92.9806137084961,331.88,2022-10-22 21:00:00,,,,,
13029008.0,2,50.60844802856445,-93.0263442993164,6.57,2022-10-24 15:00:00,,,,,
13028725.0,4,50.65511703491211,-93.36868286132812,372.57,2022-10-23 15:00:00,,,,,
13029288.0,2,50.55196762084961,-90.390869140625,7.3,2022-10-21 00:00:00,,,,,
13028973.0,2,50.59333419799805,-90.3804168701172,8.93,2022-10-21 00:00:00,,,,,
13028757.0,3,50.65435791015625,-91.7654037475586,19.34,2022-10-24 18:00:00,,,,,
13028756.0,2,50.66184997558594,-91.84371185302734,5.63,2022-10-23 03:00:00,,,,,
13029471.0,2,50.55060958862305,-90.09473419189452,19.46,2022-10-21 00:00:00,,,,,
13028891.0,2,50.61320114135742,-89.9923095703125,5.79,2022-10-24 18:00:00,,,,,
13029007.0,4,50.598182678222656,-93.1095199584961,335.77,2022-10-23 00:00:00,,,,,
13028829.0,3,50.752811431884766,-93.07776641845705,37.28,2022-10-24 15:00:00,,,,,
13027929.0,2,50.83622741699219,-92.89008331298828,12.31,2022-10-21 00:00:00,,,,,
13028892.0,3,50.6192512512207,-89.94625091552734,25.22,2022-10-21 00:00:00,,,,,
13028618.0,2,50.686973571777344,-91.63893127441406,15.45,2022-10-25 03:00:00,,,,,
13028617.0,2,50.6700439453125,-91.74649810791016,3.1,2022-10-24 15:00:00,,,,,
13028697.0,2,50.66747283935547,-91.95018005371094,3.68,2022-10-21 03:00:00,,,,,
13028825.0,3,50.63176727294922,-89.8139419555664,28.22,2022-10-21 00:00:00,,,,,
13028890.0,4,50.6301383972168,-93.25254821777344,371.98,2022-10-23 12:00:00,,,,,
13029072.0,6,50.60475158691406,-96.27032470703124,1482.85,2022-10-29 06:00:00,,,,,
13028643.0,6,50.668643951416016,-96.37676239013672,1484.33,2022-10-29 06:00:00,,,,,
13028584.0,6,50.68658447265625,-96.39421081542967,1483.82,2022-10-29 12:00:00,,,,,
13028477.0,6,50.70458984375,-96.40997314453124,1483.46,2022-10-29 12:00:00,,,,,
13027798.0,4,50.91324996948242,-66.414306640625,389.14,2022-10-21 00:00:00,,,,,
13027942.0,2,50.83417892456055,-89.30597686767578,10.72,2022-10-21 15:00:00,,,,,
13028149.0,2,50.79011154174805,-91.1634750366211,6.67,2022-10-21 15:00:00,,,,,
13027966.0,2,50.851524353027344,-91.6135711669922,6.43,2022-10-25 00:00:00,,,,,
13028178.0,2,50.8041877746582,-90.69549560546876,8.22,2022-10-21 00:00:00,,,,,
13027858.0,2,50.84927368164063,-89.39273071289062,9.09,2022-10-21 18:00:00,,,,,
13027994.0,2,50.82769775390625,-92.69432067871094,8.42,2022-10-21 00:00:00,,,,,
13027930.0,2,50.83520126342773,-92.8196029663086,10.45,2022-10-21 00:00:00,,,,,
13028947.0,2,50.73005294799805,-90.28356170654295,16.69,2022-10-21 00:00:00,,,,,
13027829.0,2,50.8576774597168,-89.45466613769531,6.44,2022-10-24 18:00:00,,,,,
13029514.0,2,50.62316131591797,-90.98341369628906,24.98,2022-10-21 00:00:00,,,,,
13027954.0,2,50.83583831787109,-90.77586364746094,12.73,2022-10-21 00:00:00,,,,,
13027760.0,2,50.9089241027832,-89.49424743652344,5.14,2022-10-21 15:00:00,,,,,
13027331.0,4,51.11011505126953,-66.30044555664062,370.94,2022-10-21 00:00:00,,,,,
13027353.0,2,50.976173400878906,-89.51329803466797,3.19,2022-10-24 15:00:00,,,,,
13028434.0,6,50.7916259765625,-96.46620178222656,1473.26,2022-10-29 18:00:00,,,,,
13027873.0,2,50.86422348022461,-90.20758819580078,20.86,2022-10-21 00:00:00,,,,,
13028056.0,2,50.861724853515625,-91.02131652832033,11.59,2022-10-21 00:00:00,,,,,
13027850.0,3,50.88449096679688,-90.9054718017578,39.87,2022-10-21 00:00:00,,,,,
13027551.0,3,50.92473983764648,-90.9430923461914,51.39,2022-10-21 00:00:00,,,,,
13027308.0,2,50.97825241088867,-88.95475769042969,4.33,2022-10-24 18:00:00,,,,,
13027042.0,2,51.0352783203125,-93.79855346679688,15.8,2022-10-21 00:00:00,2022-10-24 18:00:00,,,,
13026063.0,4,51.28076553344727,-66.28655242919922,340.52,2022-10-21 00:00:00,,,,,
13027713.0,6,50.92913818359375,-96.53865051269533,1470.58,2022-10-30 00:00:00,,,,,
13027694.0,2,50.931583404541016,-90.25967407226562,24.73,2022-10-21 00:00:00,,,,,
13027362.0,2,50.96601486206055,-91.1529541015625,5.64,2022-10-21 06:00:00,,,,,
13027035.0,2,51.040802001953125,-91.17607879638672,4.01,2022-10-21 00:00:00,,,,,
13027715.0,2,50.93959045410156,-90.37039947509766,12.51,2022-10-21 00:00:00,,,,,
13027465.0,3,50.97058868408203,-90.92613983154295,53.26,2022-10-21 00:00:00,,,,,
13027232.0,2,51.00538635253906,-90.2325210571289,28.1,2022-10-21 00:00:00,,,,,
13027136.0,2,51.01910781860352,-90.2496566772461,15.84,2022-10-21 00:00:00,,,,,
13027097.0,2,51.022579193115234,-94.07621002197266,8.0,2022-10-21 12:00:00,,,,,
13027034.0,2,51.03672409057617,-93.8204116821289,14.18,2022-10-21 00:00:00,2022-10-24 21:00:00,,,,
13027046.0,2,51.03631591796875,-93.90990447998048,11.68,2022-10-21 00:00:00,,,,,
13026667.0,2,51.14955139160156,-91.44723510742188,9.04,2022-10-24 21:00:00,,,,,
13026390.0,2,51.19387435913086,-91.34981536865234,7.2,2022-10-24 18:00:00,,,,,
13026629.0,2,51.136985778808594,-87.29674530029297,9.39,2022-10-21 00:00:00,,,,,
13027081.0,3,51.08087539672852,-90.12871551513672,45.59,2022-10-21 00:00:00,,,,,
13027241.0,6,51.06014251708984,-96.59078216552734,1456.89,2022-10-30 06:00:00,,,,,
13026912.0,2,51.140254974365234,-87.95854949951172,6.65,2022-10-21 00:00:00,,,,,
13026237.0,2,51.21958541870117,-91.32875061035156,4.47,2022-10-24 18:00:00,,,,,
13026319.0,2,51.19948959350586,-94.48687744140624,8.91,2022-10-24 18:00:00,,,,,
13026280.0,2,51.21082305908203,-94.33413696289062,3.18,2022-10-24 18:00:00,,,,,
13026321.0,2,51.19369125366211,-94.41232299804688,5.08,2022-10-24 15:00:00,,,,,
13026097.0,3,51.26749420166016,-88.28178405761719,26.31,2022-10-25 03:00:00,,,,,
13026566.0,2,51.21083068847656,-88.40182495117188,5.56,2022-10-21 18:00:00,,,,,
13025919.0,3,51.3043327331543,-88.36973571777344,19.43,2022-10-25 03:00:00,,,,,
13026090.0,2,51.26229095458984,-88.5570068359375,4.86,2022-10-21 15:00:00,,,,,
13025841.0,4,51.44429016113281,-66.31326293945312,285.98,2022-10-21 00:00:00,,,,,
13026091.0,3,51.28985977172852,-88.44969940185547,16.83,2022-10-25 03:00:00,,,,,
13024561.0,4,51.5981674194336,-66.37488555908203,266.24,2022-10-21 00:00:00,,,,,
13026438.0,3,51.24822235107422,-87.76497650146484,18.88,2022-10-21 21:00:00,,,,,
13026098.0,3,51.28113555908203,-88.1171646118164,31.2,2022-10-24 21:00:00,,,,,
13026115.0,2,51.278587341308594,-87.9903335571289,5.58,2022-10-21 00:00:00,,,,,
13025792.0,3,51.31636428833008,-87.99984741210938,35.88,2022-10-21 18:00:00,,,,,
13025413.0,3,51.40769577026367,-87.85828399658203,44.17,2022-10-21 00:00:00,,,,,
13025747.0,3,51.36300277709961,-87.94817352294922,42.05,2022-10-21 00:00:00,,,,,
13024992.0,2,51.5086555480957,-87.82581329345703,8.45,2022-10-21 00:00:00,,,,,
13024993.0,2,51.53970718383789,-87.58827209472656,5.18,2022-10-21 00:00:00,,,,,
13024242.0,2,51.72256088256836,-88.03813171386719,12.26,2022-10-21 12:00:00,,,,,
13024888.0,2,51.52425384521485,-87.035888671875,4.61,2022-10-21 15:00:00,,,,,
13024411.0,4,51.64223861694336,-66.35433959960938,261.31,2022-10-21 00:00:00,,,,,
13024535.0,2,51.61126327514648,-94.47747802734376,5.61,2022-10-24 18:00:00,,,,,
13024517.0,2,51.59952926635742,-94.595458984375,3.32,2022-10-24 15:00:00,,,,,
13024435.0,3,51.61914443969727,-94.61807250976562,9.07,2022-10-24 15:00:00,,,,,
13024161.0,4,51.67603302001953,-66.3556137084961,252.2,2022-10-21 00:00:00,,,,,
13023689.0,2,51.77791595458984,-88.07958221435547,7.67,2022-10-21 00:00:00,,,,,
13024318.0,2,51.65858459472656,-94.14429473876952,3.75,2022-10-24 18:00:00,,,,,
13024144.0,4,51.74355697631836,-66.44065856933594,231.3,2022-10-21 00:00:00,,,,,
13024183.0,2,51.677024841308594,-94.0468292236328,8.93,2022-10-24 21:00:00,,,,,
13023480.0,4,51.8426399230957,-66.51383972167969,223.49,2022-10-21 00:00:00,,,,,
13023848.0,2,51.75910949707031,-87.10759735107422,10.73,2022-10-21 00:00:00,,,,,
13024423.0,3,51.64243698120117,-94.78057861328124,17.51,2022-10-24 21:00:00,,,,,
13023834.0,2,51.76767349243164,-87.29832458496094,7.81,2022-10-21 00:00:00,,,,,
13023814.0,2,51.76768493652344,-87.51174926757812,4.75,2022-10-21 00:00:00,,,,,
13024003.0,2,51.73483276367188,-86.85263061523438,16.96,2022-10-21 00:00:00,,,,,
13024150.0,2,51.716304779052734,-94.00735473632812,16.51,2022-10-25 00:00:00,,,,,
13023652.0,2,51.81304550170898,-88.11016082763672,6.4,2022-10-21 00:00:00,,,,,
13023768.0,2,51.768836975097656,-94.01602935791016,20.76,2022-10-25 00:00:00,,,,,
13023442.0,3,51.83208465576172,-67.79708099365234,126.1,2022-10-21 00:00:00,,,,,
13023515.0,2,51.835243225097656,-67.1379623413086,14.87,2022-10-27 18:00:00,,,,,
13023987.0,3,51.75312805175781,-94.91622924804688,21.93,2022-10-25 00:00:00,,,,,
13023283.0,4,52.02142333984375,-66.70609283447266,216.27,2022-10-21 00:00:00,,,,,
13023379.0,3,51.85917282104492,-67.7699966430664,121.08,2022-10-21 00:00:00,,,,,
13023647.0,2,51.8030891418457,-94.02025604248048,23.29,2022-10-25 00:00:00,,,,,
13023192.0,3,51.88541793823242,-67.7437515258789,81.17,2022-10-21 00:00:00,,,,,
13023191.0,2,51.98258972167969,-67.7728500366211,37.85,2022-10-21 00:00:00,,,,,
13021878.0,3,52.18843460083008,-66.84559631347656,109.98,2022-10-21 00:00:00,,,,,
13021777.0,3,52.225547790527344,-66.8114013671875,85.86,2022-10-21 00:00:00,,,,,
13023144.0,3,51.99113464355469,-67.69851684570312,79.52,2022-10-21 00:00:00,,,,,
13022317.0,2,52.1010971069336,-67.83209991455078,29.43,2022-10-21 00:00:00,,,,,
13022419.0,3,52.08256149291992,-67.59517669677734,71.43,2022-10-21 00:00:00,,,,,
13023434.0,2,51.87733459472656,-94.18903350830078,4.42,2022-10-24 18:00:00,,,,,
13022703.0,2,51.9969367980957,-94.1515884399414,10.08,2022-10-25 00:00:00,,,,,
13022594.0,2,52.052024841308594,-94.03763580322266,9.42,2022-10-24 21:00:00,,,,,
13022955.0,2,51.96448516845703,-87.15394592285156,3.75,2022-10-21 00:00:00,,,,,
13022296.0,2,52.08811569213867,-93.93263244628906,7.57,2022-10-24 18:00:00,,,,,
13022559.0,2,52.02312469482422,-87.04380798339844,4.97,2022-10-21 00:00:00,,,,,
13022970.0,2,51.97556686401367,-87.57571411132812,6.43,2022-10-21 00:00:00,,,,,
13022636.0,2,52.02090072631836,-87.09088897705078,8.59,2022-10-21 00:00:00,,,,,
13022498.0,2,52.03609085083008,-87.06159973144531,7.1,2022-10-21 00:00:00,,,,,
13022185.0,3,52.162227630615234,-67.5851058959961,54.9,2022-10-21 00:00:00,,,,,
13022497.0,2,52.06926727294922,-87.396240234375,11.73,2022-10-22 00:00:00,,,,,
13022470.0,3,52.053741455078125,-87.10725402832031,15.88,2022-10-21 00:00:00,,,,,
13022137.0,2,52.14037322998047,-67.8307876586914,24.66,2022-10-21 00:00:00,,,,,
13022263.0,2,52.09450149536133,-94.28679656982422,2.96,2022-10-21 00:00:00,,,,,
13022327.0,2,52.0835075378418,-89.68898010253906,3.3,2022-10-21 12:00:00,,,,,
13021768.0,3,52.2142219543457,-67.5790786743164,37.63,2022-10-21 00:00:00,,,,,
13022130.0,2,52.12678146362305,-94.60885620117188,16.81,2022-10-24 18:00:00,,,,,
13022102.0,2,52.13798904418945,-94.58770751953124,14.58,2022-10-21 18:00:00,,,,,
13022475.0,2,52.13163375854492,-88.98666381835938,8.3,2022-10-24 09:00:00,,,,,
13022018.0,2,52.20748901367188,-94.48885345458984,13.74,2022-10-24 21:00:00,,,,,
13022329.0,2,52.10041427612305,-88.5765609741211,6.65,2022-10-21 00:00:00,,,,,
13022271.0,2,52.11547088623047,-89.54285430908203,5.56,2022-10-21 15:00:00,,,,,
13021721.0,2,52.22309112548828,-94.33063507080078,7.63,2022-10-21 00:00:00,,,,,
13021834.0,3,52.2369384765625,-66.93399047851562,91.51,2022-10-21 00:00:00,,,,,
13021440.0,2,52.34451675415039,-66.98759460449219,26.62,2022-10-21 00:00:00,,,,,
13021439.0,3,52.3398551940918,-67.04369354248047,62.22,2022-10-21 00:00:00,,,,,
13022059.0,2,52.16191864013672,-89.34465026855469,9.0,2022-10-24 21:00:00,,,,,
13021621.0,3,52.31577301025391,-66.76657104492188,81.76,2022-10-21 00:00:00,,,,,
13021722.0,3,52.26860809326172,-67.5770492553711,33.25,2022-10-21 00:00:00,,,,,
13022672.0,2,52.108848571777344,-88.0654296875,10.6,2022-10-21 00:00:00,,,,,
13021428.0,2,52.31255340576172,-67.4825210571289,18.51,2022-10-21 00:00:00,,,,,
13021280.0,2,52.38045120239258,-67.57830047607422,10.66,2022-10-21 00:00:00,,,,,
13021683.0,2,52.25355529785156,-94.2124481201172,5.37,2022-10-21 00:00:00,,,,,
13021456.0,2,52.28270721435547,-94.09383392333984,2.94,2022-10-21 00:00:00,,,,,
13021790.0,2,52.22163009643555,-89.2609634399414,9.91,2022-10-25 03:00:00,,,,,
13020978.0,3,52.40918350219727,-66.71220397949219,64.87,2022-10-21 00:00:00,,,,,
13021616.0,2,52.24526977539063,-92.6924285888672,5.12,2022-10-24 18:00:00,,,,,
13020925.0,2,52.49435424804688,-66.97097778320312,19.19,2022-10-21 00:00:00,,,,,
13020924.0,3,52.409515380859375,-67.11211395263672,49.28,2022-10-21 00:00:00,,,,,
13021335.0,2,52.30916595458984,-67.4183349609375,10.76,2022-10-21 00:00:00,,,,,
13021606.0,3,52.26830673217773,-92.60501098632812,8.88,2022-10-24 21:00:00,,,,,
13021698.0,2,52.260833740234375,-93.77941131591795,7.18,2022-10-24 21:00:00,,,,,
13021327.0,2,52.33595275878906,-67.39390563964844,8.69,2022-10-21 00:00:00,,,,,
13020962.0,3,52.4130744934082,-66.6357650756836,57.4,2022-10-21 00:00:00,,,,,
13020768.0,3,52.467864990234375,-66.60804748535156,48.68,2022-10-21 00:00:00,,,,,
13020225.0,2,52.628047943115234,-67.05006408691406,8.8,2022-10-21 00:00:00,,,,,
13020898.0,3,52.53388214111328,-67.21422576904297,44.95,2022-10-21 00:00:00,,,,,
13019919.0,3,52.66846084594727,-67.33373260498047,31.05,2022-10-21 00:00:00,,,,,
13021369.0,2,52.37388229370117,-93.82876586914062,9.21,2022-10-25 00:00:00,,,,,
13020635.0,3,52.51095581054688,-66.56730651855469,42.62,2022-10-21 00:00:00,,,,,
13020413.0,2,52.53763198852539,-66.55500030517578,5.39,2022-10-21 00:00:00,,,,,
13020370.0,2,52.54607009887695,-66.55936431884766,35.95,2022-10-21 00:00:00,,,,,
13020625.0,2,52.525146484375,-66.24618530273438,16.73,2022-10-21 00:00:00,,,,,
13020784.0,2,52.48737716674805,-93.78888702392578,12.26,2022-10-25 03:00:00,,,,,
13020337.0,2,52.64466094970703,-66.56951141357422,31.1,2022-10-21 00:00:00,,,,,
13019536.0,2,52.76856994628906,-66.52347564697266,21.96,2022-10-21 00:00:00,,,,,
13020328.0,2,52.571563720703125,-98.1253433227539,0.05,2022-10-21 00:00:00,2022-10-21 00:00:00,2022-10-21 00:00:00,2022-10-21 00:00:00,2022-10-21 00:00:00,2022-10-21 00:00:00
13018919.0,2,52.910118103027344,-65.78437805175781,6.76,2022-10-21 00:00:00,,,,,
13019839.0,2,52.68202590942383,-67.38406372070312,7.04,2022-10-21 00:00:00,,,,,
13019742.0,3,52.74030303955078,-67.42948913574219,21.58,2022-10-21 00:00:00,,,,,
13019337.0,2,52.79011917114258,-66.45553588867188,11.72,2022-10-21 00:00:00,,,,,
13019491.0,2,52.75128173828125,-67.87786102294922,7.88,2022-10-21 00:00:00,,,,,
13019228.0,2,52.81242752075195,-67.53288269042969,5.51,2022-10-21 00:00:00,,,,,
13018647.0,2,52.93050003051758,-67.09849548339844,16.51,2022-10-21 00:00:00,,,,,
13018778.0,2,52.90500259399414,-67.02020263671875,24.11,2022-10-21 00:00:00,,,,,
13018600.0,2,52.97441482543945,-67.19562530517578,10.16,2022-10-21 00:00:00,,,,,
13018218.0,2,53.03535842895508,-67.25403594970703,5.1,2022-10-21 00:00:00,,,,,
13018711.0,2,52.92538833618164,-66.94579315185547,32.24,2022-10-21 00:00:00,,,,,
13018566.0,2,52.95466232299805,-66.87152862548828,39.81,2022-10-21 00:00:00,,,,,
13018263.0,2,53.01951599121094,-67.49063110351562,7.43,2022-10-21 00:00:00,,,,,
13018178.0,2,53.03964614868164,-67.56053161621094,10.83,2022-10-21 00:00:00,,,,,
13018172.0,3,53.03443908691406,-67.64212036132812,16.6,2022-10-21 00:00:00,,,,,
13018402.0,2,53.03261184692383,-66.84857177734375,48.8,2022-10-21 00:00:00,,,,,
13017836.0,3,53.23373031616211,-66.3449935913086,120.31,2022-10-21 00:00:00,,,,,
13017515.0,3,53.24228286743164,-66.51974487304688,93.46,2022-10-21 00:00:00,,,,,
13016984.0,2,53.35174179077149,-66.50667572021484,20.21,2022-10-21 00:00:00,,,,,
13018057.0,2,53.089088439941406,-66.6724853515625,10.57,2022-10-21 00:00:00,,,,,
13017773.0,2,53.12252426147461,-66.63182067871094,12.79,2022-10-21 00:00:00,,,,,
13017758.0,2,53.13203430175781,-66.69818878173828,67.02,2022-10-21 00:00:00,,,,,
13017938.0,2,53.125953674316406,-66.81028747558594,54.41,2022-10-21 00:00:00,,,,,
13017759.0,3,53.15227890014648,-66.60861206054688,82.19,2022-10-21 00:00:00,,,,,
13017088.0,2,53.28749847412109,-68.34666442871094,9.53,2022-10-21 00:00:00,,,,,
13017387.0,2,53.24422454833984,-97.66352081298828,0.95,2022-10-24 18:00:00,,,,,
13017289.0,2,53.25236892700195,-60.8663444519043,9.63,2022-10-21 00:00:00,,,,,
13017468.0,2,53.212493896484375,-76.48546600341797,10.34,2022-10-21 00:00:00,,,,,
13017388.0,2,53.23847961425781,-66.00357055664062,14.45,2022-10-21 00:00:00,,,,,
13017203.0,2,53.28334045410156,-66.0200424194336,6.12,2022-10-21 00:00:00,,,,,
13017218.0,3,53.25765609741211,-66.04346466064453,21.11,2022-10-21 00:00:00,,,,,
13017377.0,2,53.25137710571289,-67.11912536621094,7.35,2022-10-21 00:00:00,,,,,
13017895.0,4,53.18160629272461,-66.21503448486328,254.35,2022-10-21 00:00:00,,,,,
13017202.0,3,53.27754592895508,-66.12895202636719,24.97,2022-10-21 00:00:00,,,,,
13017081.0,2,53.29585266113281,-67.14366912841797,10.91,2022-10-21 00:00:00,,,,,
13017269.0,2,53.27863693237305,-76.70411682128906,16.71,2022-10-21 00:00:00,,,,,
13017075.0,4,53.35064697265625,-66.24059295654297,281.84,2022-10-21 00:00:00,,,,,
13016970.0,3,53.3801383972168,-67.28787231445312,31.51,2022-10-21 00:00:00,,,,,
13016194.0,3,53.52637100219727,-65.3254165649414,100.65,2022-10-21 00:00:00,,,,,
13016498.0,2,53.43938064575195,-65.73379516601562,11.78,2022-10-21 00:00:00,,,,,
13016575.0,4,53.43647384643555,-66.30390930175781,288.23,2022-10-21 00:00:00,,,,,
13016469.0,2,53.459503173828125,-65.67755126953125,17.45,2022-10-21 00:00:00,,,,,
13016224.0,2,53.4970817565918,-65.63041687011719,23.14,2022-10-21 00:00:00,,,,,
13016293.0,2,53.48780059814453,-65.6587142944336,20.24,2022-10-21 00:00:00,,,,,
13015993.0,3,53.58681106567383,-65.29557800292969,98.94,2022-10-21 00:00:00,,,,,
13016378.0,4,53.48629379272461,-66.35581970214844,292.14,2022-10-21 00:00:00,,,,,
13015682.0,3,53.64218521118164,-65.28683471679688,96.33,2022-10-21 00:00:00,,,,,
13016014.0,3,53.57918167114258,-93.51892852783205,20.68,2022-10-25 03:00:00,,,,,
13016179.0,4,53.55606460571289,-66.43023681640625,303.67,2022-10-21 00:00:00,,,,,
13015561.0,3,53.66172409057617,-65.27963256835938,86.42,2022-10-21 00:00:00,,,,,
13015747.0,3,53.61855316162109,-93.5416259765625,29.46,2022-10-25 03:00:00,,,,,
13015764.0,2,53.62503433227539,-76.57328033447266,9.36,2022-10-21 00:00:00,,,,,
13015539.0,3,53.69472503662109,-65.38121032714844,51.53,2022-10-21 00:00:00,,,,,
13015533.0,2,53.68951034545898,-65.29350280761719,34.83,2022-10-21 00:00:00,,,,,
13015421.0,3,53.71623992919922,-65.56018829345703,43.01,2022-10-21 00:00:00,,,,,
13015344.0,2,53.83629989624024,-65.63993072509766,32.97,2022-10-21 00:00:00,,,,,
13015709.0,2,53.65856170654297,-65.857421875,9.06,2022-10-21 00:00:00,,,,,
13015427.0,2,53.70691680908203,-65.84735107421875,24.46,2022-10-21 00:00:00,,,,,
13015334.0,2,53.72316360473633,-65.9403305053711,20.09,2022-10-21 00:00:00,,,,,
13015482.0,3,53.68499755859375,-65.71876525878906,38.56,2022-10-21 00:00:00,,,,,
13015091.0,2,53.7754020690918,-75.60240173339844,1.52,2022-10-21 00:00:00,,,,,
13015853.0,2,53.64486312866211,-94.40642547607422,8.49,2022-10-25 03:00:00,,,,,
13014164.0,2,54.00615692138672,-65.90444946289062,12.67,2022-10-21 00:00:00,,,,,
13015311.0,2,53.74616241455078,-66.08184814453125,10.98,2022-10-21 00:00:00,,,,,
13015652.0,3,53.67717361450195,-93.53287506103516,41.06,2022-10-25 06:00:00,,,,,
13015746.0,4,53.68992233276367,-66.43914031982422,313.01,2022-10-21 00:00:00,,,,,
13015212.0,2,53.7558708190918,-66.40444946289062,7.1,2022-10-21 00:00:00,,,,,
13015088.0,2,53.83563232421875,-90.32781219482422,12.58,2022-10-25 03:00:00,,,,,
13014946.0,2,53.826473236083984,-94.49616241455078,6.64,2022-10-21 00:00:00,2022-10-21 00:00:00,2022-10-21 00:00:00,2022-10-21 00:00:00,2022-10-21 00:00:00,2022-10-21 00:00:00
13014945.0,3,53.80758285522461,-94.5296401977539,14.87,2022-10-24 21:00:00,,,,,
13015109.0,4,53.79645919799805,-66.41868591308594,320.92,2022-10-21 00:00:00,,,,,
13014723.0,2,53.87475204467773,-76.54789733886719,7.93,2022-10-21 00:00:00,,,,,
13015277.0,2,53.80566787719727,-66.48939514160156,18.45,2022-10-21 00:00:00,,,,,
13014862.0,4,53.86742782592773,-66.44420623779297,332.16,2022-10-21 00:00:00,,,,,
13013668.0,2,54.13299179077149,-65.25495910644531,5.83,2022-10-21 00:00:00,,,,,
13014524.0,2,53.95327377319336,-65.49494934082031,15.03,2022-10-21 00:00:00,,,,,
13014349.0,2,53.95932388305664,-75.55538940429688,6.46,2022-10-22 03:00:00,,,,,
13014543.0,4,54.006465911865234,-66.4765625,426.65,2022-10-21 00:00:00,,,,,
13013676.0,2,54.11481475830078,-65.29576873779297,4.25,2022-10-21 00:00:00,,,,,
13013489.0,2,54.175052642822266,-93.65613555908205,18.15,2022-10-25 00:00:00,,,,,
13013451.0,2,54.249778747558594,-79.03623962402344,9.54,2022-10-21 00:00:00,,,,,
13012455.0,2,54.42675018310547,-78.58321380615234,2.56,2022-10-30 06:00:00,,,,,
13012418.0,2,54.44073867797852,-79.25904846191406,12.27,2022-10-21 00:00:00,,,,,
13012301.0,2,54.46369171142578,-79.10999298095703,8.52,2022-10-21 00:00:00,,,,,
13013712.0,4,54.27821350097656,-66.5712890625,542.32,2022-10-21 00:00:00,,,,,
13012166.0,2,54.511695861816406,-78.95764923095703,4.9,2022-10-30 06:00:00,,,,,
13012364.0,4,54.449615478515625,-66.68624877929688,562.63,2022-10-21 00:00:00,,,,,
13011810.0,4,54.600704193115234,-66.46487426757812,651.61,2022-10-21 00:00:00,,,,,
13012281.0,4,54.49175262451172,-66.56680297851562,581.2,2022-10-21 00:00:00,,,,,
13012080.0,4,54.51570510864258,-66.46290588378906,624.03,2022-10-21 00:00:00,,,,,
13012010.0,2,54.53666687011719,-78.17291259765625,5.58,2022-10-29 06:00:00,,,,,
13011963.0,4,54.55247497558594,-66.47267150878906,647.01,2022-10-21 00:00:00,,,,,
13011918.0,2,54.56100845336914,-78.01036834716797,9.8,2022-10-30 00:00:00,,,,,
13011245.0,2,54.73175430297852,-78.10376739501953,15.39,2022-10-30 06:00:00,,,,,
13010772.0,3,54.85840225219727,-78.1877212524414,26.08,2022-10-29 12:00:00,,,,,
13010794.0,3,54.853363037109375,-78.40406036376953,29.03,2022-10-28 12:00:00,,,,,
13010770.0,3,54.864288330078125,-78.05976867675781,23.1,2022-10-30 06:00:00,,,,,
13010538.0,2,54.93877410888672,-78.0326919555664,11.16,2022-10-30 06:00:00,,,,,
13009656.0,2,55.192264556884766,-102.82156372070312,6.37,2022-10-21 00:00:00,,,,,
13010480.0,4,55.00198745727539,-93.90069580078124,314.97,2022-10-27 18:00:00,,,,,
13010030.0,4,55.09552383422852,-93.7241668701172,318.37,2022-10-27 18:00:00,,,,,
13009826.0,4,55.11798095703125,-93.65735626220705,324.08,2022-10-27 18:00:00,,,,,
13009820.0,2,55.15493774414063,-102.60353088378906,4.02,2022-10-21 00:00:00,,,,,
13009617.0,3,55.18307113647461,-105.04920196533205,13.92,2022-10-21 00:00:00,,,,,
13009532.0,3,55.21474838256836,-105.08727264404295,13.68,2022-10-21 00:00:00,,,,,
13009806.0,4,55.15458679199219,-93.6013412475586,325.44,2022-10-28 00:00:00,,,,,
13009446.0,3,55.2324104309082,-105.12767791748048,13.23,2022-10-21 00:00:00,,,,,
13009409.0,3,55.28507232666016,-105.17605590820312,12.32,2022-10-21 00:00:00,,,,,
13009535.0,4,55.21107864379883,-93.59313201904295,326.23,2022-10-28 00:00:00,,,,,
13009225.0,3,55.30616760253906,-105.31702423095705,10.12,2022-10-21 00:00:00,,,,,
13009249.0,2,55.305511474609375,-105.70148468017578,2.31,2022-10-21 00:00:00,,,,,
13009329.0,4,55.273094177246094,-93.45700073242188,328.39,2022-10-28 06:00:00,,,,,
13009445.0,4,55.25030899047852,-93.54328918457033,327.32,2022-10-28 06:00:00,,,,,
13009330.0,4,55.27550506591797,-93.38053131103516,329.53,2022-10-28 06:00:00,,,,,
13009216.0,3,55.30875015258789,-105.42208099365234,8.65,2022-10-21 00:00:00,,,,,
13009183.0,2,55.31623077392578,-105.45571899414062,6.11,2022-10-21 00:00:00,,,,,
13009201.0,4,55.30912780761719,-93.28934478759766,331.77,2022-10-28 12:00:00,,,,,
13009273.0,4,55.29430770874024,-93.33277893066406,329.99,2022-10-28 12:00:00,,,,,
13009360.0,2,55.27754974365234,-105.5908660888672,5.33,2022-10-21 00:00:00,,,,,
13009202.0,4,55.31264114379883,-93.10906219482422,333.82,2022-10-28 18:00:00,,,,,
13009175.0,4,55.330848693847656,-92.72736358642578,336.34,2022-10-29 00:00:00,,,,,
13007509.0,3,55.89775848388672,-101.96376037597656,18.82,2022-10-21 00:00:00,,,,,
13007239.0,3,55.98614883422852,-101.88001251220705,18.05,2022-10-21 00:00:00,,,,,
13006972.0,2,56.03215026855469,-130.0556640625,61.99,2022-10-21 00:00:00,,,,,
13006807.0,2,56.09441375732422,-130.62078857421875,61.95,2022-10-21 09:00:00,,,,,
13006922.0,2,56.162376403808594,-101.7931900024414,15.92,2022-10-21 00:00:00,2022-10-21 00:00:00,,,,
13006264.0,2,56.37441253662109,-101.80331420898438,13.49,2022-10-21 00:00:00,2022-10-21 00:00:00,,,,
13006510.0,2,56.18731689453125,-102.1956558227539,1.41,2022-10-21 00:00:00,,,,,
13006480.0,3,56.22343444824219,-101.02825164794922,46.24,2022-10-21 00:00:00,,,,,
13006365.0,3,56.30164337158203,-101.15194702148438,45.04,2022-10-21 00:00:00,,,,,
13006481.0,3,56.21205520629883,-100.83673095703124,48.88,2022-10-21 00:00:00,,,,,
13006151.0,3,56.337833404541016,-101.20355224609376,42.14,2022-10-21 00:00:00,,,,,
13006511.0,2,56.22412490844727,-102.1099090576172,3.37,2022-10-21 00:00:00,,,,,
13006215.0,2,56.30741882324219,-100.85466766357422,3.4,2022-10-21 00:00:00,,,,,
13006301.0,4,56.27709197998047,-100.49209594726562,105.33,2022-10-21 00:00:00,,,,,
13006300.0,3,56.27870559692383,-100.5117645263672,56.57,2022-10-21 00:00:00,,,,,
13006278.0,3,56.30862808227539,-100.54991912841795,48.66,2022-10-21 00:00:00,,,,,
13006473.0,3,56.23512649536133,-100.61273193359376,51.11,2022-10-21 00:00:00,,,,,
13006315.0,2,56.27870559692383,-100.6624984741211,5.35,2022-10-21 00:00:00,,,,,
13006100.0,3,56.366477966308594,-100.64887237548828,42.86,2022-10-21 00:00:00,,,,,
13006519.0,2,56.21403121948242,-101.57688903808594,3.32,2022-10-21 00:00:00,,,,,
13006225.0,2,56.32872772216797,-101.9708480834961,6.51,2022-10-21 00:00:00,,,,,
13006331.0,2,56.28083801269531,-102.0199966430664,4.75,2022-10-21 00:00:00,,,,,
13006143.0,2,56.36442565917969,-100.92774200439452,2.06,2022-10-21 00:00:00,,,,,
13006162.0,2,56.32635498046875,-101.4989013671875,3.09,2022-10-21 00:00:00,2022-10-21 00:00:00,,,,
13006163.0,3,56.35451889038086,-101.2997817993164,11.8,2022-10-21 00:00:00,,,,,
13006064.0,2,56.3890495300293,-101.18634796142578,30.21,2022-10-21 00:00:00,,,,,
13005914.0,3,56.43837738037109,-100.7248306274414,41.04,2022-10-21 00:00:00,,,,,
13005846.0,2,56.44015502929688,-101.18767547607422,28.73,2022-10-21 00:00:00,,,,,
13005925.0,2,56.466304779052734,-100.28482055664062,4.16,2022-10-21 00:00:00,,,,,
13005809.0,2,56.45040512084961,-100.80259704589844,4.57,2022-10-21 00:00:00,,,,,
13005768.0,3,56.55708312988281,-100.70781707763672,35.28,2022-10-21 00:00:00,,,,,
13005770.0,2,56.4851188659668,-101.19666290283205,27.43,2022-10-21 00:00:00,2022-10-21 00:00:00,,,,
13005813.0,2,56.44623565673828,-102.29376983642578,4.55,2022-10-21 00:00:00,2022-10-21 00:00:00,,,,
13005624.0,2,56.51356887817383,-101.27655029296876,25.86,2022-10-21 00:00:00,2022-10-21 00:00:00,,,,
13005293.0,2,56.64186096191406,-100.80433654785156,4.6,2022-10-21 00:00:00,,,,,
13005141.0,3,56.71173477172852,-100.70580291748048,26.77,2022-10-21 00:00:00,,,,,
13005754.0,3,56.47419357299805,-103.11943817138672,9.87,2022-10-21 00:00:00,,,,,
13005672.0,3,56.56069564819336,-103.12393188476562,9.57,2022-10-21 00:00:00,,,,,
13005268.0,3,56.69034194946289,-103.09798431396484,8.74,2022-10-21 00:00:00,,,,,
13005554.0,2,56.53627014160156,-101.41194915771484,23.74,2022-10-21 00:00:00,2022-10-21 00:00:00,,,,
13005511.0,2,56.57978820800781,-102.89097595214844,1.74,2022-10-21 00:00:00,,,,,
13005784.0,2,56.485050201416016,-102.3672866821289,5.89,2022-10-21 00:00:00,2022-10-21 00:00:00,,,,
13005521.0,2,56.54026794433594,-101.54730987548828,19.7,2022-10-21 00:00:00,2022-10-21 00:00:00,,,,
13005475.0,2,56.58488464355469,-101.75719451904295,16.2,2022-10-21 00:00:00,2022-10-21 00:00:00,,,,
13005368.0,2,56.59041595458984,-101.92166900634766,11.12,2022-10-21 00:00:00,2022-10-21 00:00:00,,,,
13005367.0,2,56.62322998046875,-101.96154022216795,9.74,2022-10-21 00:00:00,2022-10-21 00:00:00,2022-10-21 00:00:00,,,
13005207.0,2,56.66681671142578,-101.85611724853516,7.34,2022-10-21 00:00:00,2022-10-21 00:00:00,2022-10-21 00:00:00,,,
13005297.0,2,56.62764358520508,-102.5943603515625,8.69,2022-10-21 00:00:00,2022-10-21 00:00:00,,,,
13005592.0,2,56.57032012939453,-102.49200439453124,8.28,2022-10-21 00:00:00,2022-10-21 00:00:00,,,,
13004953.0,3,56.81211471557617,-103.0871810913086,6.64,2022-10-21 00:00:00,,,,,
13005208.0,2,56.7089729309082,-101.6864242553711,3.48,2022-10-21 00:00:00,2022-10-21 00:00:00,2022-10-21 00:00:00,,,
13004973.0,3,56.76853561401367,-100.7877960205078,25.06,2022-10-21 00:00:00,,,,,
13005210.0,2,56.675479888916016,-100.19309997558594,3.17,2022-10-21 00:00:00,,,,,
13005095.0,2,56.70101165771485,-100.18914794921876,4.41,2022-10-21 00:00:00,,,,,
13004956.0,4,56.75858688354492,-99.90755462646484,46.29,2022-10-21 00:00:00,,,,,
13004954.0,2,56.76786422729492,-102.42277526855467,3.34,2022-10-21 00:00:00,,,,,
13005003.0,4,56.748931884765625,-99.68228912353516,51.02,2022-10-21 00:00:00,,,,,
13004798.0,3,56.8089485168457,-100.84992218017578,22.81,2022-10-21 00:00:00,,,,,
13004946.0,3,56.76010513305664,-100.07158660888672,33.63,2022-10-21 00:00:00,,,,,
13004955.0,2,56.76084518432617,-102.25081634521484,2.46,2022-10-21 00:00:00,,,,,
13004605.0,3,56.8862533569336,-103.08936309814452,5.23,2022-10-21 00:00:00,,,,,
13005069.0,3,56.73973083496094,-100.17117309570312,31.61,2022-10-21 18:00:00,,,,,
13004749.0,3,56.840309143066406,-100.90364837646484,20.78,2022-10-21 00:00:00,,,,,
13005093.0,2,56.7535514831543,-103.4620361328125,2.77,2022-10-21 00:00:00,,,,,
13004854.0,2,56.790435791015625,-103.4884262084961,5.35,2022-10-21 00:00:00,,,,,
13004727.0,2,56.85184860229492,-100.97724151611328,4.99,2022-10-21 00:00:00,,,,,
13004626.0,2,56.94198226928711,-101.01068878173828,15.28,2022-10-21 00:00:00,,,,,
13004726.0,2,56.83683776855469,-101.04534149169922,3.79,2022-10-21 00:00:00,,,,,
13004473.0,2,56.93378829956055,-102.41854095458984,2.32,2022-10-21 00:00:00,,,,,
13004259.0,2,57.03289413452149,-101.12730407714844,10.94,2022-10-21 00:00:00,,,,,
13004558.0,2,56.9317626953125,-103.07894134521484,3.13,2022-10-21 00:00:00,,,,,
13004557.0,2,56.94258499145508,-103.11727905273438,2.01,2022-10-21 00:00:00,,,,,
13004381.0,2,56.96446990966797,-103.0646743774414,1.88,2022-10-21 00:00:00,,,,,
13004580.0,2,56.89665985107422,-103.73516082763672,6.02,2022-10-21 00:00:00,,,,,
13004442.0,2,56.98009490966797,-100.2836685180664,3.01,2022-10-21 00:00:00,,,,,
13004599.0,2,56.906517028808594,-102.37371826171876,1.82,2022-10-21 00:00:00,,,,,
13004481.0,2,56.9315071105957,-101.7782974243164,3.62,2022-10-21 00:00:00,,,,,
13004351.0,2,56.99057769775391,-101.96439361572266,8.17,2022-10-21 00:00:00,2022-10-21 00:00:00,,,,
13004775.0,3,56.88398742675781,-103.38955688476562,9.03,2022-10-21 00:00:00,,,,,
13004470.0,2,56.964141845703125,-101.8931121826172,6.18,2022-10-21 00:00:00,2022-10-21 00:00:00,,,,
13004207.0,3,57.07939147949219,-102.4894561767578,2.91,2022-10-21 00:00:00,,,,,
13004208.0,2,57.05458450317383,-101.1545867919922,8.04,2022-10-21 00:00:00,,,,,
13004171.0,2,57.06689834594727,-101.2588882446289,7.05,2022-10-21 00:00:00,,,,,
13004057.0,2,57.111759185791016,-102.63359832763672,2.21,2022-10-21 00:00:00,2022-10-21 00:00:00,,,,
13004237.0,2,57.04583358764648,-101.36166381835938,4.89,2022-10-21 00:00:00,2022-10-21 00:00:00,,,,
13004387.0,3,57.01285552978516,-103.31490325927734,11.11,2022-10-21 00:00:00,,,,,
13004139.0,3,57.072845458984375,-103.30316925048828,12.11,2022-10-21 00:00:00,,,,,
13004397.0,2,57.016361236572266,-102.08462524414062,10.76,2022-10-21 00:00:00,2022-10-21 00:00:00,,,,
13003835.0,2,57.19951248168945,-131.8252716064453,51.76,2022-10-21 06:00:00,,,,,
13004021.0,2,57.12582015991211,-102.14363861083984,10.97,2022-10-21 00:00:00,2022-10-21 00:00:00,,,,
13003955.0,2,57.17842864990234,-102.13011169433594,11.28,2022-10-21 00:00:00,,,,,
13004109.0,3,57.1607780456543,-103.20496368408205,13.91,2022-10-21 00:00:00,,,,,
13001730.0,4,58.180320739746094,-133.31173706054688,368.26,2022-10-21 00:00:00,2022-10-21 00:00:00,,,,
13002068.0,2,58.02655792236328,-132.8871307373047,74.95,2022-10-21 00:00:00,,,,,
13001713.0,4,58.18324661254883,-133.21665954589844,352.83,2022-10-21 00:00:00,2022-10-21 00:00:00,,,,
13001691.0,4,58.19028854370117,-133.1403350830078,308.82,2022-10-21 00:00:00,2022-10-21 00:00:00,,,,
13001687.0,4,58.2039680480957,-133.07289123535156,281.47,2022-10-21 00:00:00,,,,,
13001631.0,4,58.22667694091797,-133.00723266601562,252.7,2022-10-21 00:00:00,,,,,
13001626.0,3,58.23966598510742,-132.96942138671875,105.65,2022-10-21 00:00:00,2022-10-21 00:00:00,2022-10-21 00:00:00,2022-10-21 06:00:00,,
13001560.0,2,58.26649856567383,-132.88243103027344,36.82,2022-10-21 00:00:00,2022-10-21 00:00:00,,,,
13001559.0,2,58.29216384887695,-132.95387268066406,59.87,2022-10-21 00:00:00,2022-10-21 00:00:00,2022-10-21 00:00:00,2022-10-21 00:00:00,2022-10-21 00:00:00,2022-10-21 06:00:00
13001320.0,2,58.469364166259766,-134.10459899902344,371.35,2022-10-21 00:00:00,2022-10-21 00:00:00,2022-10-21 00:00:00,2022-10-21 00:00:00,,
13001162.0,2,58.54999542236328,-134.17222595214844,291.22,2022-10-21 00:00:00,2022-10-21 00:00:00,2022-10-21 00:00:00,2022-10-21 00:00:00,,
13001168.0,5,58.51642608642578,-133.84596252441406,1273.37,2022-10-21 00:00:00,2022-10-21 00:00:00,,,,
13001159.0,2,58.528804779052734,-133.87899780273438,89.39,2022-10-21 00:00:00,,,,,
13001233.0,2,58.49368667602539,-132.61587524414062,26.82,2022-10-21 00:00:00,,,,,
13001197.0,2,58.51436614990234,-133.70758056640625,105.99,2022-10-21 00:00:00,2022-10-21 00:00:00,2022-10-21 00:00:00,,,
13001133.0,5,58.53973007202149,-133.71011352539062,1142.18,2022-10-21 00:00:00,,,,,
13001169.0,5,58.518856048583984,-133.7777862548828,1250.9,2022-10-21 00:00:00,2022-10-21 00:00:00,,,,
13001028.0,2,58.62828063964844,-134.26580810546875,219.12,2022-10-21 00:00:00,2022-10-21 00:00:00,2022-10-21 00:00:00,2022-10-21 06:00:00,2022-10-21 09:00:00,
13001072.0,2,58.57488250732422,-78.19929504394531,12.43,2022-10-25 12:00:00,,,,,
13001090.0,5,58.563907623291016,-133.6749267578125,1085.75,2022-10-21 00:00:00,,,,,
13001061.0,5,58.58012390136719,-133.6563262939453,1069.61,2022-10-21 00:00:00,,,,,
13001052.0,2,58.60263442993164,-78.19110107421875,9.55,2022-10-25 12:00:00,,,,,
13001248.0,2,58.517669677734375,-132.99029541015625,172.83,2022-10-21 00:00:00,2022-10-21 00:00:00,2022-10-21 00:00:00,2022-10-21 00:00:00,2022-10-21 00:00:00,2022-10-21 00:00:00
13001053.0,5,58.60113906860352,-133.58840942382812,1032.21,2022-10-21 00:00:00,,,,,
13000952.0,5,58.67915344238281,-133.47406005859375,867.71,2022-10-21 00:00:00,,,,,
13001067.0,2,58.58007049560547,-132.89942932128906,195.89,2022-10-21 00:00:00,2022-10-21 00:00:00,2022-10-21 00:00:00,2022-10-21 00:00:00,2022-10-21 00:00:00,2022-10-21 00:00:00
13000835.0,5,58.76267623901367,-133.3350830078125,832.02,2022-10-21 00:00:00,,,,,
13001185.0,2,58.55810928344727,-132.3922119140625,40.02,2022-10-21 00:00:00,,,,,
13001042.0,2,58.621578216552734,-132.8080291748047,215.07,2022-10-21 00:00:00,2022-10-21 00:00:00,2022-10-21 00:00:00,2022-10-21 00:00:00,2022-10-21 00:00:00,2022-10-21 00:00:00
13000910.0,2,58.67366027832031,-132.76124572753906,228.35,2022-10-21 00:00:00,2022-10-21 00:00:00,2022-10-21 00:00:00,2022-10-21 00:00:00,2022-10-21 00:00:00,2022-10-21 00:00:00
13000803.0,2,58.780860900878906,-133.1312713623047,38.7,2022-10-21 00:00:00,,,,,
13000704.0,5,58.846797943115234,-133.19886779785156,762.15,2022-10-21 00:00:00,,,,,
13000887.0,2,58.71224212646485,-132.75616455078125,241.03,2022-10-21 00:00:00,2022-10-21 00:00:00,2022-10-21 00:00:00,2022-10-21 00:00:00,2022-10-21 00:00:00,2022-10-21 00:00:00
13000782.0,2,58.7652473449707,-134.5941162109375,127.94,2022-10-21 00:00:00,2022-10-21 06:00:00,,,,
13000947.0,2,58.70522689819336,-132.26708984375,46.49,2022-10-21 00:00:00,,,,,
13000616.0,4,58.90213394165039,-133.0756378173828,551.65,2022-10-21 00:00:00,,,,,
13000771.0,2,58.78210067749024,-134.74444580078125,169.05,2022-10-21 09:00:00,,,,,
13000811.0,4,58.81380844116211,-132.88702392578125,533.81,2022-10-21 00:00:00,,,,,
13000469.0,3,59.02903366088867,-133.17820739746094,102.04,2022-10-21 00:00:00,,,,,
13000446.0,2,59.06743240356445,-136.65142822265625,204.86,2022-10-21 00:00:00,2022-10-21 00:00:00,2022-10-21 00:00:00,2022-10-21 06:00:00,,
13000483.0,2,59.00178527832031,-133.4852294921875,20.85,2022-10-21 00:00:00,,,,,
13000484.0,2,59.02645492553711,-133.34365844726562,55.8,2022-10-21 00:00:00,,,,,
13000257.0,3,59.26991271972656,-135.64935302734375,763.08,2022-10-21 00:00:00,2022-10-21 00:00:00,2022-10-21 00:00:00,2022-10-21 00:00:00,,
13000247.0,3,59.33149337768555,-135.78367614746094,636.2,2022-10-21 00:00:00,2022-10-21 00:00:00,2022-10-21 00:00:00,2022-10-21 00:00:00,,
13000192.0,2,59.38383483886719,-135.9136962890625,210.04,2022-10-21 00:00:00,2022-10-21 00:00:00,2022-10-21 00:00:00,2022-10-21 00:00:00,2022-10-21 00:00:00,2022-10-21 00:00:00
13000168.0,3,59.39874267578125,-135.90869140625,355.63,2022-10-21 00:00:00,,,,,
13000165.0,2,59.416778564453125,-136.0603485107422,114.63,2022-10-21 00:00:00,,,,,
13000164.0,3,59.467262268066406,-135.9988250732422,240.32,2022-10-21 00:00:00,,,,,
13000157.0,2,59.42885971069336,-136.20977783203125,82.84,2022-10-21 00:00:00,,,,,
13000112.0,2,59.537086486816406,-136.07199096679688,97.42,2022-10-21 00:00:00,,,,,
13000111.0,3,59.552513122558594,-136.03475952148438,106.78,2022-10-21 00:00:00,,,,,
13000106.0,2,59.59305953979492,-136.1854705810547,82.89,2022-10-21 00:00:00,,,,,
13000070.0,2,59.71897506713867,-136.41368103027344,44.02,2022-10-21 00:00:00,,,,,
13000081.0,2,59.63782501220703,-135.99331665039062,31.45,2022-10-21 00:00:00,,,,,
13082486.0,3,29.08722877502441,-80.93939971923828,16.04,2022-10-21 00:00:00,,,,,
13052799.0,2,44.57099151611328,-68.74017333984375,12.05,2022-10-25 06:00:00,,,,,
13036303.0,2,48.78570938110352,-69.05038452148438,30.97,2022-10-22 06:00:00,,,,,
13031370.0,2,50.05930709838867,-66.89909362792969,24.42,2022-10-21 18:00:00,,,,,
13030364.0,2,50.285404205322266,-66.446533203125,50.65,2022-10-21 12:00:00,,,,,
13030296.0,2,50.486812591552734,-62.9925422668457,47.04,2022-10-23 15:00:00,,,,,
13030292.0,2,50.29132843017578,-65.96443176269531,50.82,2022-10-23 09:00:00,,,,,
13030276.0,2,50.39444732666016,-65.53005981445312,61.75,2022-10-22 15:00:00,,,,,
13030246.0,3,50.29852294921875,-64.01727294921875,212.8,2022-10-23 00:00:00,,,,,
13030232.0,2,50.3126335144043,-63.0794677734375,25.03,2022-10-21 18:00:00,,,,,
13030212.0,2,50.41019821166992,-65.40045166015625,64.69,2022-10-23 03:00:00,,,,,
13013721.0,2,54.107940673828125,-79.0381088256836,4.35,2022-10-21 00:00:00,,,,,
13012883.0,2,54.330055236816406,-79.41104888916016,10.91,2022-10-21 00:00:00,,,,,
13008098.0,2,55.68842697143555,-132.58592224121094,70.61,2022-10-27 18:00:00,,,,,
13006108.0,2,56.33945083618164,-87.85722351074219,5.84,2022-10-25 00:00:00,,,,,
13003497.0,2,57.370452880859375,-133.07981872558594,101.02,2022-10-21 00:00:00,2022-10-21 06:00:00,,,,
13002266.0,2,57.90499877929688,-133.16583251953125,82.36,2022-10-21 00:00:00,2022-10-21 00:00:00,2022-10-21 00:00:00,2022-10-21 00:00:00,2022-10-21 03:00:00,2022-10-21 06:00:00
13002034.0,4,58.08649826049805,-133.46798706054688,472.34,2022-10-21 00:00:00,2022-10-21 00:00:00,,,,
13001359.0,2,58.398738861083984,-136.3227996826172,126.29,2022-10-21 00:00:00,,,,,
13001340.0,2,58.408721923828125,-134.05931091308594,460.96,2022-10-21 00:00:00,2022-10-21 00:00:00,2022-10-21 00:00:00,,,
13001186.0,5,58.51115036010742,-133.9044647216797,1362.65,2022-10-21 00:00:00,2022-10-21 00:00:00,,,,
13001182.0,2,58.51438522338867,-135.5231475830078,73.66,2022-10-21 00:00:00,,,,,
13001149.0,2,58.52388381958008,-134.81382751464844,86.29,2022-10-21 00:00:00,,,,,
13001145.0,2,58.54567337036133,-78.22240447998047,16.24,2022-10-25 15:00:00,,,,,
13000699.0,2,58.81928253173828,-134.90304565429688,196.04,2022-10-21 00:00:00,,,,,
13000611.0,2,58.88813018798828,-135.7875213623047,61.1,2022-10-21 03:00:00,,,,,
13000549.0,2,58.96739196777344,-136.38893127441406,137.31,2022-10-21 00:00:00,2022-10-21 00:00:00,2022-10-21 00:00:00,2022-10-21 09:00:00,,
13000527.0,2,58.99076461791992,-136.5293731689453,280.98,2022-10-21 00:00:00,2022-10-21 00:00:00,2022-10-21 00:00:00,2022-10-21 06:00:00,,
13000462.0,2,59.038875579833984,-138.02816772460938,133.79,2022-10-21 00:00:00,2022-10-21 00:00:00,2022-10-21 00:00:00,,,
13000380.0,2,59.098594665527344,-136.3825225830078,131.72,2022-10-21 00:00:00,2022-10-21 00:00:00,2022-10-21 00:00:00,2022-10-21 00:00:00,2022-10-21 03:00:00,2022-10-21 03:00:00
13000281.0,3,59.2498779296875,-135.57916259765625,867.24,2022-10-21 00:00:00,2022-10-21 00:00:00,2022-10-21 00:00:00,2022-10-21 00:00:00,2022-10-21 00:00:00,
