75.3395833333331,-50.1770833333337,0,0.167547157880419
67.8437499999998,-38.0604166666672,0,0.00140732129477
66.6124999999999,-41.3395833333338,0,0.101499332015267
78.6541666666664,-30.114583333334,0,0.974442186739031
62.6833333333333,-45.1645833333338,0,0.155803884190763
62.5916666666666,-48.460416666667,0,0.625489494605855
69.5979166666665,-41.4250000000005,0,0.262529018312265
71.5020833333332,-32.739583333334,0,0.995308029783541
61.6791666666666,-43.1687500000005,0,0.845337578573026
78.3624999999997,-71.2770833333334,0,0.823398206594327
80.052083333333,-34.3687500000006,0,0.074838289137864
65.3520833333332,-48.3770833333337,0,0.729356374265596
79.614583333333,-50.2062500000004,0,0.585368071237951
65.6229166666666,-42.6895833333338,0,0.683019971017009
62.5791666666666,-49.579166666667,0,0.674556479134827
70.3687499999998,-36.2270833333339,0,0.916184990316353
79.577083333333,-61.5020833333335,0,0.255366352770848
66.4583333333332,-39.6645833333339,0,0.393146916187675
81.4291666666663,-33.1041666666673,0,0.532500565708637
71.7187499999998,-28.439583333334,0,0.137613857048056
75.8979166666664,-56.4687500000002,0,0.262505789119464
74.3499999999998,-30.1479166666673,0,0.82682308383067
69.4479166666665,-46.2854166666671,0,0.775026989863506
70.5749999999999,-46.1437500000004,0,0.426376551960726
66.5729166666665,-37.7062500000005,0,0.139860269176421
76.1895833333331,-65.2854166666668,0,0.90410449981812
64.3874999999999,-43.4041666666671,0,0.745101874944545
75.3437499999997,-21.8041666666675,0,0.289057722453481
74.8166666666664,-33.9916666666673,0,0.937026508475791
62.7645833333333,-49.510416666667,0,0.974400032795124
76.7770833333331,-33.064583333334,0,0.913912990729876
73.6895833333331,-38.6520833333339,0,0.915771014147308
73.3437499999998,-35.9895833333339,0,0.960884146389269
71.1979166666665,-39.3312500000005,0,0.625818392686666
72.2187499999998,-29.0437500000007,0,0.313218141938894
74.1708333333331,-28.9625000000007,0,0.368097010320327
62.9229166666666,-48.3145833333337,0,0.167377858369862
68.5854166666665,-34.1833333333339,0,0.18243676178935
75.9187499999997,-49.5270833333337,0,0.558313566512139
68.9562499999998,-39.9437500000006,0,0.71834986845614
66.8374999999999,-36.2770833333339,0,0.051312819956488
75.3041666666664,-43.8958333333338,0,0.830619852307452
64.0354166666666,-47.4791666666671,0,0.293532564551977
71.4937499999998,-33.814583333334,0,0.815848704153109
64.3354166666666,-50.804166666667,0,0.512841878264578
66.4916666666666,-37.6354166666672,0,0.216970991324502
79.652083333333,-45.5104166666671,0,0.648519776673409
72.5520833333331,-23.4145833333341,0,0.299613580871522
77.6166666666664,-35.7833333333339,0,0.251199946001592
81.295833333333,-17.0229166666676,0,0.307639615486657
81.7354166666664,-43.5354166666671,0,0.130457166400903
63.6458333333333,-50.8437500000003,0,0.833015506915266
76.3833333333331,-22.5729166666674,0,0.431962142673763
75.7729166666664,-27.1062500000007,0,0.392465195258632
74.1916666666664,-52.991666666667,0,0.405902975063026
81.6041666666663,-49.1625000000003,0,0.642135829405449
80.3062499999997,-20.4854166666675,0,0.744343331348442
66.6499999999999,-38.8729166666672,0,0.577558380972241
67.8770833333332,-43.1562500000005,0,0.88153770398121
68.3458333333332,-31.5604166666674,0,0.053011671790868
62.9374999999999,-44.5854166666672,0,0.971436294376466
63.9833333333333,-42.3416666666671,0,0.813495301698975
74.7479166666664,-54.3020833333336,0,0.341808981991731
73.2166666666664,-42.8000000000004,0,0.329614285971241
71.1062499999998,-49.9250000000004,0,0.052572806096526
71.5312499999998,-23.6229166666675,0,0.54464947588191
77.5479166666664,-29.1854166666674,0,0.725553239639394
77.8124999999997,-26.7145833333341,0,0.729108990345044
69.9395833333332,-45.0895833333338,0,0.505493897783921
72.6833333333331,-41.4770833333338,0,0.209935732124839
78.9333333333331,-56.2687500000002,0,0.142959344617695
74.2874999999998,-50.1270833333337,0,0.944042803779202
80.8874999999997,-60.4020833333335,0,0.376352797501718
70.8979166666665,-45.6187500000005,0,0.973304443909064
60.7520833333333,-44.5937500000005,0,0.115262828642247
72.7333333333331,-44.8854166666671,0,0.581085766839637
65.6645833333332,-44.0145833333338,0,0.380670081124231
66.1937499999999,-48.6270833333337,0,0.678240056338565
69.1645833333332,-45.9958333333337,0,0.631992031139427
61.89375,-48.3604166666671,0,0.904305101871005
72.0395833333332,-38.7854166666672,0,0.661967501119529
79.795833333333,-63.7291666666668,0,0.843082777547267
80.0562499999997,-24.2062500000008,0,0.369170016849293
77.9562499999998,-57.4708333333336,0,0.486364583117674
66.9291666666666,-43.6270833333338,0,0.860912657371539
66.4687499999999,-38.3020833333339,0,0.931232879048433
62.6666666666666,-48.310416666667,0,0.774029126377354
61.1104166666667,-47.2437500000004,0,0.86615760550028
68.0145833333332,-34.8791666666673,0,0.14335654759008
71.3270833333332,-27.6312500000007,0,0.05224851531615
71.0729166666665,-24.2812500000008,0,0.216411112978485
62.15,-48.1166666666671,0,0.298131455081623
64.5604166666666,-47.9020833333338,0,0.945256687871155
70.6729166666665,-43.2187500000005,0,0.785411503142562
77.7187499999997,-27.4145833333341,0,0.986876737039993
75.9999999999998,-47.5583333333338,0,0.445075544429678
79.0416666666664,-47.7354166666671,0,0.930406654248202
64.7812499999999,-51.622916666667,0,0.526645470604182
70.8916666666665,-34.2583333333339,0,0.332891214356998
76.9604166666664,-26.6062500000008,0,0.587512784818397
-21.6229166666672,-62.0895833333338,0.032,0.461138245795453
-23.4020833333338,-64.3979166666671,0.306,0.234821344875766
-31.8937500000003,-53.5979166666673,0.011,0.094584252103014
-12.1791666666672,-40.4750000000008,0.038,0.967989039043416
-26.6687500000004,-52.945833333334,0.132,0.020787928024395
-37.4833333333336,-62.8145833333337,0.054,0.82639688499727
-41.7750000000002,-66.1395833333337,0.027,0.706046787245755
-36.085416666667,-71.9083333333336,0.167,0.363021247417644
-32.7479166666671,-58.0395833333339,0.017,0.527706370635834
-26.6625000000004,-56.0854166666672,0.203,0.141996892161282
-33.3812500000003,-56.4104166666672,0.004,0.545431384069436
-17.0000000000006,-46.3375000000008,0.032,0.02025561811299
-39.7375000000002,-72.8062500000003,0.046,0.452596359346285
-18.2729166666672,-40.0104166666675,0.013,0.282556534697698
-2.53541666666747,-45.702083333334,0.02,0.990065175419808
-38.2062500000003,-72.1270833333336,0.202,0.193532495949756
-23.6979166666672,-58.6687500000006,0.007,0.352412869683314
-23.6562500000004,-48.0812500000008,1.576,0.28621004468091
-42.1062500000002,-71.7270833333336,0.008,0.232826749061415
-16.502083333334,-57.8062500000005,0.009,0.979005048896108
-26.4937500000005,-56.3312500000006,0.158,0.532433205344462
-22.0750000000006,-68.8145833333338,0.198,0.179454766616882
-27.1458333333338,-64.9208333333338,0.38,0.046468646543835
-37.6416666666669,-72.7041666666669,0.312,0.99089154111139
-25.3187500000005,-59.1145833333339,0.067,0.313620165495773
-37.0562500000003,-65.841666666667,0.027,0.968069456495364
-14.7187500000007,-56.8812500000006,0.004,0.107280751539877
-27.5875000000004,-55.0375000000005,0.553,0.051292082799512
-35.079166666667,-69.0083333333336,0.166,0.027460544595908
-28.6437500000003,-51.3312500000006,0.012,0.88884990392344
-8.56250000000069,-40.4875000000008,0.509,0.5460330607322
-40.5062500000003,-69.1770833333337,0.006,0.906536905000178
-32.1895833333336,-67.8770833333337,0.001,0.866766830817329
-17.2937500000006,-69.7312500000004,0.176,0.450276871268551
-39.6041666666669,-70.6250000000003,0.014,0.924000057007835
-17.2208333333339,-46.8312500000007,6.969,0.259693385268651
-14.5479166666673,-41.9854166666674,0.294,0.018579557195825
-39.9916666666669,-66.8708333333337,0.008,0.659053166865758
-34.0625000000004,-67.8250000000003,0.181,0.575454892926694
-14.9791666666673,-40.9791666666674,0.139,0.332627100225219
-27.0770833333338,-65.4937500000004,3.697,0.961643643353247
-5.78750000000082,-43.6375000000007,0.031,0.78768551543038
-22.2979166666672,-68.2312500000004,0.064,0.003140759030573
-43.3812500000001,-70.4375000000003,0.003,0.683838319435668
-32.4437500000003,-62.8604166666671,0.257,0.055813231796722
-28.8458333333338,-68.785416666667,0.012,0.622492658016435
-17.8541666666672,-57.7937500000006,0.026,0.052417604714674
-7.15625000000077,-46.4895833333341,0.047,0.660952699367461
-28.660416666667,-67.5312500000003,0.002,0.585405975172111
-27.4562500000005,-67.322916666667,0.221,0.252131371484038
-8.29375000000071,-38.4770833333342,0.008,0.858836977960564
-10.9645833333341,-39.9979166666675,0.075,0.435089245175943
-26.3062500000005,-53.9854166666673,0.01,0.97862859520165
-16.877083333334,-46.7041666666673,0.009,0.413383177429785
-5.24791666666741,-38.0854166666674,0.015,0.466959773209931
-31.2562500000003,-65.5187500000004,0.007,0.633984689312269
-35.5625000000003,-72.4041666666669,0.162,0.84658608807639
-28.2437500000004,-62.3541666666671,0.022,0.358725509370175
-36.1687500000003,-67.197916666667,0.001,0.345233067746838
-25.0708333333338,-49.552083333334,0.085,0.090948888775895
-28.8187500000004,-69.4645833333337,0.001,0.177074755187299
-36.8125000000003,-62.2875000000004,0.078,0.542765708641845
-35.1312500000004,-61.0229166666671,0.007,0.262660617294406
-18.8583333333339,-42.8583333333341,0.291,0.033887360688722
-24.6625000000005,-51.8395833333339,0.056,0.946114023045238
-26.4312500000005,-62.4020833333338,0.003,0.17320394716288
-52.2062500000001,-73.9187500000002,0.001,0.22041674079458
-32.1145833333337,-59.2520833333338,0.02,0.832953408581887
-52.9375000000001,-72.4625000000003,0,0.734139021894969
-45.1145833333335,-70.8187500000003,0.001,0.684264197391812
-15.5833333333339,-41.5729166666674,0.078,0.702661609583949
-24.9104166666672,-63.5750000000004,0.097,0.879843905614152
-7.19583333333411,-38.0520833333342,0.114,0.257248190621622
-10.2291666666674,-40.0000000000008,0.024,0.458832480473904
-10.583333333334,-37.3958333333342,2.417,0.593186261304534
-30.9437500000004,-69.560416666667,0.006,0.331052455632869
-30.679166666667,-56.9520833333339,0.002,0.858403463139357
-32.4854166666671,-63.0416666666671,0.533,0.623557505033241
-29.4729166666671,-65.6562500000004,0.07,0.727847811132025
-8.26875000000068,-41.327083333334,0.019,0.26646957731083
-32.8437500000003,-58.0895833333338,0.004,0.0128139819755
-37.1125000000003,-72.122916666667,0.072,0.21901499882062
-23.9187500000004,-56.3562500000006,0.293,0.597469825438456
-8.51875000000073,-40.4187500000008,0.093,0.125305891246362
-4.1312500000008,-40.4791666666675,0.508,0.17923303483097
-24.9458333333338,-59.2041666666672,0.106,0.287929884388788
-24.4458333333338,-55.8645833333338,0.381,0.478410493708044
-19.5395833333339,-68.397916666667,0.005,0.414003000317927
-18.3645833333339,-42.5437500000008,0.019,0.787516096464757
-9.18541666666743,-43.7854166666674,0,0.429133254325335
-5.82500000000066,-43.2500000000007,0.14,0.813443651496284
-17.1375000000006,-53.7104166666672,0.003,0.578490278048791
-22.7791666666672,-67.9875000000004,0.022,0.199447122702932
-30.1395833333337,-58.5062500000005,0.075,0.552209614521357
-42.0729166666668,-73.8770833333336,0.249,0.283072943245621
-48.1604166666667,-67.4437500000004,0.037,0.128136355489122
-27.3729166666671,-57.3854166666672,0.069,0.737154439926051
-42.0979166666668,-73.9333333333336,0.054,0.948793902633142
-18.1979166666672,-52.5645833333339,0.003,0.839831228717395
-18.7687500000006,-50.5937500000005,0.005,0.776657425490129
20.8374999999992,16.129166666666,0.004,0.030530404573664
9.7708333333327,-9.58958333333345,0.08,0.278728724892702
21.2458333333324,14.1458333333328,0.001,0.398491648996277
-27.3854166666667,25.4541666666661,0.058,0.278080459696248
15.5687499999993,25.072916666666,0.034,0.81322461167125
-4.86875000000045,27.6895833333326,0.164,0.691293879539854
15.7062499999992,14.0604166666662,0.021,0.287481768981814
-23.7062500000002,31.622916666666,0.001,0.886729766168302
-7.69791666666708,16.9541666666661,0.078,0.730094338264549
30.3166666666657,26.279166666666,0,0.04692572805273
6.73541666666613,40.2520833333324,0.086,0.785607661107101
-0.785416666667175,24.4895833333326,0.036,0.936484660622317
21.9187499999992,-10.1270833333334,0,0.531907357762776
-20.6937500000002,31.8270833333325,0.146,0.719188943158221
10.2687499999994,12.5645833333328,8.418,0.449306545422645
-3.64166666666718,22.8333333333327,0,0.352408740016813
10.1187499999993,11.4729166666662,11.399,0.59757641344663
7.68124999999923,35.5312499999992,3.91,0.68706417783525
-10.6291666666669,19.5833333333328,0.087,0.297866191682722
15.735416666666,4.99791666666638,0.064,0.771673712627352
8.95624999999932,11.8645833333329,0.688,0.849225846258552
9.71458333333259,30.5979166666659,0.026,0.177156040281698
18.5270833333325,12.9374999999995,0.001,0.216542695851193
2.74374999999947,39.6270833333325,0.188,0.772485664505439
14.9124999999994,40.5520833333324,0.116,0.76560740410479
-0.185416666667138,20.1291666666661,0.524,0.575823620588721
-23.7812500000002,27.472916666666,0.008,0.190108125758737
-16.0687500000003,48.7020833333322,0.169,0.419233356966016
-5.98541666666706,22.3124999999994,0.786,0.968569433535323
-7.77083333333378,17.4645833333329,0.246,0.740220822157462
-10.7833333333336,17.1958333333328,0.065,0.120146467626916
6.26041666666601,7.87708333333291,1.316,0.999943911121983
3.80624999999944,14.0937499999995,0.046,0.992439647481488
-27.2437500000001,16.3145833333328,0,0.543800236281285
13.0541666666659,12.4666666666661,0.715,0.026175115621298
-5.64375000000039,36.6937499999993,0.172,0.755380429769561
26.8499999999991,-7.26875000000015,0.01,0.71328093248792
-24.8041666666668,16.2895833333327,0.001,0.723884017171974
32.0541666666657,3.51249999999976,0.035,0.94580999657509
5.27916666666614,21.9791666666661,0.015,0.127012643873462
-9.4187500000003,22.9374999999993,0.269,0.21277972612192
30.7479166666657,28.6833333333326,0.022,0.554686440744388
29.1479166666657,20.0812499999996,0.001,0.745248300222314
-3.0541666666672,14.0249999999996,0.177,0.741706734631065
17.5062499999993,35.3520833333325,0.01,0.512084732093416
22.7541666666657,16.4166666666662,0.005,0.846745344733087
1.27291666666618,19.2958333333327,0.347,0.332023537717821
5.92083333333276,18.1562499999996,0.025,0.744927531345806
21.0645833333325,16.8395833333329,0.003,0.295438840093923
-7.90000000000044,14.3187499999996,0.165,0.609728458521792
-12.741666666667,24.4645833333327,0.147,0.311876213516717
-0.395833333333897,9.33749999999955,0.032,0.558096926793579
34.7854166666656,-3.22708333333355,0.012,0.863536808963361
-0.66041666666721,38.9312499999991,0.037,0.57494295314939
12.1624999999994,-0.627083333333644,1.463,0.827764798776301
22.1958333333325,-11.4916666666668,0,0.724812804042772
-10.8875000000003,35.1333333333325,1.311,0.084620043084767
-13.2125000000003,30.535416666666,0.186,0.796062899340813
6.05208333333267,17.1166666666662,0.018,0.226438727561062
-18.3520833333336,15.3229166666661,0.004,0.622689756521386
-2.98125000000051,37.0791666666658,0.692,0.89223600913402
12.8979166666659,30.2229166666659,1.051,0.859316133931473
9.21666666666591,46.3104166666656,0.095,0.206889366343517
22.7812499999991,-9.22500000000014,0.001,0.191908849292627
-31.225,20.0499999999994,0.003,0.670019133199067
16.0187499999993,-13.3770833333334,0.278,0.710104547787168
19.8562499999992,25.5833333333327,0.028,0.580504069803468
-2.40625000000051,25.3687499999994,0.038,0.179547478591924
29.2729166666658,27.985416666666,0,0.582926730266203
25.2812499999991,14.2479166666661,0.003,0.593832197176026
7.5437499999993,26.9687499999993,0.079,0.947610712073499
29.1604166666658,8.06458333333296,0.001,0.507905279673209
12.6874999999994,7.65416666666627,6.8,0.247543688133687
8.67708333333263,10.489583333333,0.366,0.548161841640863
22.5354166666657,4.59999999999965,0.003,0.799958706619379
20.6312499999991,5.5708333333331,0.002,0.351662204978039
3.45208333333271,10.3749999999995,0.073,0.738786751513586
1.20624999999943,32.3520833333326,0.45,0.830570579253322
5.03958333333282,-6.99791666666681,0.084,0.746534359041238
9.45624999999939,-10.0041666666668,0.179,0.421036642312521
23.0812499999991,-4.11041666666688,0,0.567060231387906
-26.8500000000001,32.4833333333327,0.078,0.323820220084679
16.147916666666,-1.21041666666687,0.006,0.779874311582093
-18.2895833333336,29.8874999999992,3.487,0.838449554658367
4.6770833333327,42.812499999999,0.234,0.104538639267123
28.1604166666656,2.54374999999976,0.002,0.050738622885311
30.9895833333324,5.99374999999949,0.008,0.021629524616662
16.6541666666659,-13.5750000000001,0.032,0.769301295537083
15.7791666666658,-0.04375000000033,0.05,0.328206542162051
8.79791666666602,39.8937499999991,1.275,0.681248216378435
-20.5604166666669,17.8770833333329,0.011,0.174873595154869
13.2354166666659,22.5395833333328,0.729,0.995340437407052
26.9520833333323,22.3354166666661,0,0.979676052307456
21.0937499999992,14.3770833333329,0.001,0.180756335972639
5.74999999999942,9.26041666666629,0.053,0.989282475697633
7.87708333333269,23.8354166666661,0.001,0.203273422036197
30.6395833333323,7.60208333333304,0.001,0.539178875578014
10.3687499999993,13.0937499999995,3.048,0.554924002375576
12.0208333333326,-13.5666666666668,0.295,0.820851663872901
-2.43541666666716,11.3062499999996,0.033,0.750040730782966
-27.4291666666671,140.299999999999,0,0.245422935465605
8.65208333333229,125.947916666666,0.716,0.443164732482644
1.83124999999921,113.260416666666,0.01,0.584963221026918
-7.73541666666743,140.706249999999,0.096,0.617529517932032
-4.92291666666751,151.843749999999,0.012,0.088390264632283
0.566666666665803,102.2125,0.22,0.908669206539418
-29.2125000000004,150.499999999999,0.017,0.292322619768023
-5.80833333333411,141.952083333333,0.01,0.145363637830024
-31.4812500000003,116.73125,0.017,0.00314555024946
-6.42708333333411,139.010416666666,0.001,0.2126385461971
-19.8312500000006,122.064583333333,0,0.407269614633877
0.231249999999207,114.4125,0.017,0.502218061633058
17.3520833333323,120.733333333333,0.15,0.187648540585803
-2.79166666666755,138.904166666666,0.002,0.651288266826264
-10.470833333334,150.395833333333,0.097,0.131371055902945
-0.408333333334205,109.141666666666,0.729,0.372229668069088
-2.91458333333419,106.56875,0.072,0.523527555419917
-18.4500000000006,136.562499999999,0,0.05640331572061
-7.83958333333406,140.881249999999,0.01,0.366632654341915
-18.1541666666673,134.672916666666,0,0.586048030634483
-6.46875000000078,139.106249999999,0.018,0.684147654939746
-0.604166666667489,113.541666666666,0.057,0.064260952633278
-32.4312500000002,138.312499999999,0.005,0.492475911253479
-8.20833333333405,138.735416666666,0.029,0.014009559547492
1.19999999999902,117.120833333333,0.109,0.882442481993591
-26.5333333333338,143.195833333333,0,0.071371377834622
-23.6270833333339,132.756249999999,0,0.877527350610488
-2.4541666666675,105.504166666667,0.295,0.032952556390996
-5.02708333333414,141.681249999999,0.004,0.085074191839993
-26.0041666666671,143.745833333333,0,0.545974366388309
9.61458333333228,122.560416666666,2.92,0.960518208576561
-2.07916666666748,121.239583333333,0.058,0.818238488942447
-3.83541666666747,139.022916666666,0.184,0.284772437797175
-18.5604166666673,129.772916666666,0,0.994883108798459
1.16041666666581,98.9895833333333,0.553,0.317275420237428
-22.5645833333339,141.883333333333,0,0.206416391630029
-30.2083333333337,130.66875,0,0.937414153148334
1.0645833333325,110.414583333333,0.139,0.880350377358796
-1.6291666666674,101.491666666666,0.347,0.713897104455131
-24.3416666666671,141.579166666666,0,0.589299912997938
-1.34791666666745,131.45625,0.149,0.289571672872767
-6.48541666666737,142.124999999999,0.01,0.115093768367635
-5.85625000000073,155.016666666666,0.136,0.807895753699521
3.85624999999913,116.40625,0.197,0.761931801412344
-8.22500000000076,147.412499999999,0.032,0.673897117213198
4.40624999999909,115.735416666666,0.008,0.912938419124646
-5.32291666666735,151.287499999999,0.01,0.463588663828824
-3.67291666666737,134.760416666666,0.008,0.754993394666264
-3.98125000000085,144.377083333333,0.004,0.280506798585074
-3.49791666666742,141.527083333333,0.016,0.885506097731256
-5.28125000000073,119.727083333333,2.422,0.529243090151723
-5.42708333333411,142.456249999999,0.01,0.382663492566009
-29.4895833333337,136.914583333333,0,0.559282753114359
-23.6125000000005,122.916666666666,0,0.041358325516888
-22.9187500000005,148.647916666666,0.002,0.435030873598716
-41.8000000000002,172.612499999999,0,0.483935824367738
-4.52708333333408,105.13125,0.796,0.751835549802552
-12.9979166666673,142.545833333333,0,0.358454452942033
-2.04791666666746,110.164583333333,0.258,0.419686352551519
-6.07708333333409,141.510416666666,0.002,0.556993980450535
1.57708333333245,114.397916666666,0.01,0.664148610395291
-42.0312500000002,148.072916666666,0.005,0.44761053672837
-33.1333333333336,122.825,0,0.944185989465504
2.6208333333325,112.83125,0.01,0.773487606062851
-21.1208333333339,120.4875,0,0.906332934562752
5.75208333333234,117.23125,0.041,0.389425345834584
-21.3020833333339,141.760416666666,0.001,0.802797916931785
-44.5895833333335,169.406249999999,0,0.307802826489914
-0.300000000000878,112.483333333333,0.049,0.065338428484283
-19.8979166666672,146.768749999999,0.004,0.876950649646705
4.51874999999912,115.147916666666,0.017,0.626619174832074
1.09791666666589,121.38125,0.315,0.091184320449176
-35.8708333333336,146.612499999999,0.028,0.565855437898276
-20.1395833333339,138.781249999999,0,0.401967694491225
-20.4375000000004,131.170833333333,0,0.036652971297672
2.11041666666575,111.8875,0.327,0.168899222469152
1.49999999999902,111.33125,0.053,0.396077936403262
-39.3083333333336,176.924999999999,0.014,0.804532288176676
1.85833333333257,115.820833333333,0.016,0.988071545513144
1.69583333333247,112.085416666666,0.034,0.459830810465337
13.318749999999,120.7875,0.186,0.803292745553604
-3.03958333333419,113.777083333333,0.063,0.921212577475541
-1.58958333333419,132.41875,0.024,0.926922104129978
-3.8604166666675,144.435416666666,0.044,0.557599936853618
5.00416666666568,96.3625,2.129,0.216655571156979
-38.2625000000002,177.129166666666,0,0.341530665175719
-1.61875000000084,110.372916666667,0.13,0.122462087350375
7.79791666666568,126.164583333333,2.148,0.531522807762721
-6.63750000000074,144.122916666666,0.052,0.680596679641723
-8.69375000000077,117.066666666666,1.445,0.13548172916908
-7.20625000000067,140.256249999999,0.052,0.635246780614303
-17.9687500000006,138.118749999999,0,0.436322306654748
3.76874999999904,114.372916666666,0.001,0.024970572617247
3.13541666666583,116.039583333333,0.023,0.067217254354104
-5.96458333333401,140.972916666666,0.004,0.167521325108014
-38.8687500000003,175.839583333332,0,0.021865531283748
-4.83541666666739,141.602083333333,0.001,0.086859095904664
3.69583333333248,98.3354166666668,1.765,0.842613696517374
-6.02500000000073,140.372916666666,0.005,0.88334908602407
2.68541666666579,111.689583333333,0.199,0.774670127558038
-5.88750000000079,-73.7729166666669,0.001,0.483625466054922
9.66458333333235,-68.197916666667,0.095,0.977645486576421
-2.12708333333414,-64.485416666667,0,0.108977562950844
3.131249999999,-73.7229166666669,0.067,0.096086862874593
-7.18541666666738,-47.1145833333341,0.003,0.463051702512333
-3.76041666666736,-50.1229166666673,0.011,0.528703787182091
1.82083333333235,-72.2208333333337,0.004,0.57746079114739
7.84999999999899,-72.2833333333336,0.28,0.89338931565967
5.67291666666571,-68.760416666667,0.001,0.394861007118864
-9.99791666666739,-58.4041666666672,0.086,0.296190186552362
-0.502083333334191,-66.5312500000004,0,0.365707857070597
5.18541666666565,-68.8395833333337,0.002,0.228152986328127
-14.5895833333339,-48.2562500000007,0.011,0.356386303906258
10.5124999999989,-73.9875000000002,0.111,0.494481327841709
-2.5958333333341,-64.4937500000004,0.001,0.412768936685057
-1.45416666666754,-61.4041666666671,0.004,0.411990730304565
1.26874999999922,-67.7604166666671,0.001,0.731787429705443
3.40624999999909,-68.2312500000004,0.005,0.539354267686163
-1.87708333333421,-59.9604166666671,0,0.411211213852787
-1.82083333333411,-53.8500000000006,0.008,0.277204737417708
-13.2354166666673,-70.2020833333337,0.015,0.551342438097429
-15.0479166666673,-54.5375000000006,0.003,0.996830973095081
-8.25833333333411,-61.9750000000005,0,0.394832278148189
-9.27291666666743,-75.1354166666668,0.013,0.765008093020878
-8.53333333333408,-60.8354166666671,0,0.578949703677839
-6.61458333333412,-53.0437500000006,0,0.664468318351284
-8.01458333333401,-61.4083333333338,0,0.776186552658386
4.87499999999897,-62.7458333333338,0.012,0.452390245465127
-6.57708333333407,-64.8437500000004,0,0.36167799512554
8.02708333333235,-72.2687500000002,2.594,0.539270326383063
4.56874999999911,-61.3083333333339,0.014,0.121483196273639
-9.72083333333409,-64.7770833333337,0.002,0.265262640306535
-4.16875000000082,-52.0416666666673,0,0.259844576296822
-3.0687500000008,-76.4729166666669,0.005,0.527833767965427
-3.41875000000074,-50.8145833333339,0.002,0.517660066527018
-3.23750000000076,-62.1354166666671,0.002,0.553809347686287
-7.81875000000077,-52.2166666666672,0.002,0.972711596429387
-13.7604166666673,-71.5062500000003,0.454,0.900935727563505
4.97708333333235,-76.847916666667,0.026,0.797056159343605
-12.5166666666673,-69.7187500000002,0.023,0.526931858236602
-3.6937500000007,-77.4645833333336,0.008,0.990717489374042
1.26666666666581,-50.3708333333339,0.002,0.071015992801621
-9.86666666666739,-56.7666666666671,0.038,0.063863791081261
-0.297916666667504,-71.8145833333336,0,0.935414120317268
7.10208333333237,-75.8354166666669,0.081,0.039752100513138
0.372916666665809,-77.6395833333335,0,0.772994282546822
5.37708333333227,-67.3145833333337,0.002,0.139073017863793
8.26666666666564,-72.4604166666669,8.762,0.255968302822892
-14.420833333334,-54.4500000000006,0.002,0.697654174976136
9.50624999999888,-66.9812500000004,0.224,0.641073582856409
7.40624999999903,-63.2687500000004,0.018,0.38006566700557
-0.545833333334144,-76.2625000000003,0.004,0.625032373119747
-13.527083333334,-58.5604166666672,0.002,0.200308661972261
-7.61250000000075,-66.7333333333337,0.002,0.245896842069724
-3.10208333333419,-76.0937500000003,0.002,0.814986946169865
0.035416666665761,-71.3250000000003,0.004,0.672165588206217
4.66874999999909,-65.9687500000005,0,0.29506924088944
0.106249999999122,-67.285416666667,0,0.211743306297316
-9.48333333333402,-67.2687500000004,0.005,0.027987214181828
4.82916666666572,-71.7625000000002,0.021,0.655859727600634
1.18541666666572,-70.3395833333335,0.011,0.553666377431862
-5.10625000000078,-79.2395833333335,0.479,0.248932803343067
1.19583333333241,-66.8708333333337,0.001,0.350771691026791
-11.1041666666673,-72.8229166666669,0.003,0.349980235350596
-16.083333333334,-66.2125000000004,0.018,0.158226643587781
1.26874999999922,-66.7145833333337,0,0.253191092327218
-8.50208333333406,-75.6458333333336,0.01,0.773386790962929
9.73541666666572,-62.5937500000004,0.044,0.220880872715481
-9.63333333333393,-64.1854166666672,0,0.388326433126874
4.58541666666583,-63.7270833333338,0,0.56228701136295
-4.56875000000083,-59.7958333333339,0.012,0.603489506038316
7.30833333333229,-70.904166666667,0.039,0.346254276809118
4.82916666666572,-58.0250000000005,0.006,0.429264585008701
-11.1020833333339,-48.6229166666673,0,0.187683218069322
-3.9229166666675,-64.010416666667,0.011,0.629451955725768
6.19791666666571,-59.2437500000005,0,0.108167902864806
9.64791666666564,-63.9625000000004,0.287,0.513508278904062
-0.141666666667561,-64.672916666667,0,0.46390759293453
-1.94791666666749,-75.9395833333336,0,0.581059765600156
-12.902083333334,-59.2979166666672,0,0.056485668604119
-10.689583333334,-52.7354166666673,0.001,0.286159965245806
0.097916666665718,-60.1312500000005,0,0.441643120091249
2.0520833333324,-78.0937500000002,0.056,0.471732071480458
6.11874999999908,-70.3500000000003,0.025,0.229187004984531
3.13333333333242,-54.4458333333339,0.001,0.216539927256911
-7.07083333333411,-52.6604166666673,0.005,0.47602618227477
-3.00416666666747,-73.079166666667,0.002,0.453439783522787
-5.24583333333413,-66.2312500000004,0,0.741575244043575
3.29166666666568,-72.3250000000003,0.008,0.480164969751751
-1.84166666666753,-54.8208333333339,0.105,0.064880479485735
10.0229166666657,-70.7187500000003,0.139,0.048192275350903
-7.84583333333409,-50.6458333333339,0.004,0.634285340411678
-2.42291666666743,-62.5437500000005,0,0.226480331139183
-11.6479166666674,-47.7479166666673,0.014,0.942667619928801
2.42708333333242,-77.2687500000002,0.212,0.89190175315435
-0.343750000000831,-76.6312500000002,0.029,0.539568979200113
4.33333333333248,-64.2625000000004,0.002,0.176196926317097
2.08958333333246,-61.5854166666672,0.003,0.596254525950829
-0.629166666667523,-60.4000000000005,0.001,0.588796145852563
-7.70000000000071,-72.6041666666669,0.061,0.258626431043175
52.3312499999999,88.5333333333329,0.058,0.485250442937151
51.8104166666666,71.0729166666664,0.008,0.035041528879643
59.9770833333331,82.9812499999997,0,0.815873058386865
65.7812499999997,140.087499999999,0.002,0.94594136492772
62.7874999999997,115.002083333332,0.005,0.520817065977834
49.5895833333333,80.2479166666663,0.007,0.705312150263485
55.6749999999998,126.387499999999,0.012,0.124911401927121
66.9229166666663,120.243749999999,0.001,0.229617072016689
62.802083333333,128.922916666666,0.001,0.601802120838791
64.7187499999997,65.0770833333332,0.003,0.358491656048221
68.9354166666663,163.727083333332,0.001,0.558502555797694
59.9687499999998,129.897916666666,0.001,0.328093085001115
71.2770833333329,132.085416666665,0.001,0.02473273987889
56.4187499999998,158.912499999999,0.002,0.932041043114292
70.539583333333,127.047916666666,0,0.780161050971536
63.4604166666664,76.2604166666664,0.021,0.451001308122197
53.2520833333332,89.9937499999996,0.063,0.527748483632725
55.1145833333332,159.960416666665,0.004,0.83581145787236
65.9416666666664,177.499999999998,0,0.630398327555
54.5729166666665,70.4312499999998,0.113,0.996150598177021
51.9104166666666,90.7062499999995,0.026,0.454025591942475
53.3187499999999,115.252083333332,0.01,0.581056160393466
62.0374999999997,77.3229166666664,0.045,0.156770153640565
55.7270833333332,119.083333333332,0.003,0.059849226600713
55.6562499999999,70.0937499999999,0.065,0.95048347969225
49.8312499999999,89.8333333333328,0.015,0.265292555032815
68.6937499999997,155.210416666665,0,0.991320675125751
53.0937499999999,93.2291666666662,0.029,0.121991400348606
69.464583333333,107.314583333333,0,0.649110918009409
56.9437499999998,114.141666666666,0.003,0.956290176163684
61.6124999999997,167.964583333332,0,0.242548049624677
65.4437499999997,138.172916666666,0.003,0.385523137147154
69.7812499999996,79.8854166666664,0.001,0.148080298291545
58.5354166666664,111.018749999999,0.004,0.029297741916517
59.8020833333331,148.543749999999,0.001,0.709712481201508
63.2520833333331,65.9687499999999,0.033,0.098901948200879
67.539583333333,91.4124999999995,0.002,0.294864832853491
58.8229166666665,118.872916666666,0.006,0.863191597519243
51.4749999999999,86.4479166666662,0.153,0.696294589789383
62.6416666666664,118.283333333332,0.021,0.183688997669124
55.5833333333332,135.999999999999,0,0.433946659644534
64.7104166666664,154.470833333332,0.002,0.193138097976906
67.2562499999997,133.237499999999,0.002,0.250668575224889
65.8249999999997,127.258333333332,0.003,0.58023085233274
66.2291666666663,153.306249999999,0.001,0.753542435461082
54.1020833333332,59.8979166666667,0.115,0.06757010631029
68.1249999999996,97.4583333333328,0.002,0.051311029125277
68.6812499999996,95.0583333333328,0.001,0.736056097710722
65.6562499999997,177.137499999998,0.001,0.359762407193265
66.6124999999997,74.4062499999997,0.007,0.793167951369717
50.3541666666666,77.8208333333331,0.008,0.775779136646755
48.8458333333333,103.004166666666,0.024,0.447055558007585
66.4541666666663,81.2249999999996,0.013,0.741212613797459
62.1104166666664,114.474999999999,0.016,0.647928632648059
64.5979166666664,94.7020833333328,0.001,0.140099799226721
54.8062499999998,97.7854166666661,0.009,0.715658978212987
66.9416666666663,111.831249999999,0,0.068663797156358
58.8270833333331,66.7249999999998,0.081,0.110620684321928
72.7354166666663,72.3499999999998,0.021,0.585474791958505
65.8666666666663,66.8083333333333,0.01,0.918500102255722
56.6916666666665,110.499999999999,0.005,0.119187713184864
59.6979166666665,130.012499999999,0.003,0.49266249959507
62.1395833333331,148.047916666665,0.002,0.71890375007683
73.5791666666662,84.1374999999996,0.001,0.971321317025265
64.389583333333,170.589583333332,0,0.883077702211988
49.8083333333333,82.5124999999997,3.468,0.808996244781822
61.7354166666664,98.5874999999993,0,0.831821348644794
56.4916666666665,104.181249999999,0.028,0.673780376588754
74.4229166666662,107.320833333333,0,0.350705998608929
64.4229166666664,82.0166666666663,0.026,0.825168639689313
68.770833333333,173.110416666665,0.001,0.836909775727606
59.9312499999998,104.622916666666,0,0.420786700564661
50.3875,85.7624999999996,0.02,0.362270025677604
64.927083333333,119.583333333332,0.009,0.351688457235413
60.2749999999998,143.566666666665,0.001,0.800908822265814
56.7729166666665,118.143749999999,0.007,0.354013191452516
67.6687499999997,87.6270833333329,0,0.130109606311935
61.4645833333331,63.9354166666665,0.025,0.3023854334447
62.9062499999997,156.074999999998,0.002,0.44813517877574
56.2770833333332,100.502083333333,0.006,0.093181047297452
52.9604166666666,76.9437499999997,0.078,0.259134703041091
49.5437499999999,98.9333333333327,0.016,0.056861438626438
63.8604166666664,142.010416666665,0.002,0.464464150195904
49.4083333333333,103.839583333333,0.01,0.367305606444632
50.4229166666666,100.881249999999,0.002,0.772546057968642
63.7604166666664,104.554166666666,0.001,0.546652155847424
52.1062499999999,91.5166666666661,0.016,0.508161937016019
61.1291666666664,80.9583333333329,0.049,0.280469204551823
49.4083333333333,109.158333333333,0.015,0.348922335723879
51.1854166666666,83.6979166666663,0.029,0.831775246031362
65.0812499999997,116.247916666666,0.009,0.735448726091724
58.6604166666665,103.429166666666,0.013,0.110749891506044
61.9354166666664,77.3374999999997,0.045,0.433305882109699
53.5041666666666,73.0124999999997,0.049,0.963341111069974
51.9145833333333,87.1499999999996,0.015,0.539782311622038
64.945833333333,82.1999999999997,0.034,0.722557183173028
60.2979166666664,169.968749999998,0.002,0.984562991015904
62.3229166666664,74.8604166666665,0.032,0.741017510175902
68.1937499999996,79.2104166666664,0.002,0.499939270013031
51.5187499999999,111.916666666666,0.025,0.204648281007762
68.6687499999991,58.1291666666654,0.002,0.429216859569205
60.5479166666659,36.006249999999,0.025,0.213141184146673
68.8416666666658,27.2666666666659,0.005,0.674657586565303
41.9354166666662,14.8812499999994,0.748,0.528468736098531
42.0145833333329,56.1999999999987,0.295,0.895483633126146
40.1208333333329,-6.40416666666692,0.691,0.647595693232612
43.5062499999995,54.6187499999987,0.036,0.311151892372595
38.0541666666663,55.5604166666654,1.285,0.833505231763575
22.8666666666665,58.5604166666654,0.481,0.873377739190401
67.6937499999991,17.491666666666,0,0.492451398537305
29.1854166666664,42.7645833333322,0.004,0.182344919488431
30.7937499999997,42.3229166666656,0,0.370839994990033
44.8208333333328,29.3395833333325,0.026,0.910703296797257
62.3499999999992,36.4479166666657,0.027,0.151073892991265
27.1145833333331,53.9645833333321,0.082,0.033439049280323
34.6562499999996,44.1645833333322,0.161,0.936146380670883
63.7937499999992,12.8395833333328,0.008,0.863932932987321
31.4187499999997,57.5104166666653,0.058,0.053610990397371
52.3770833333327,43.0937499999989,0.521,0.775267943956109
53.897916666666,32.5895833333325,0.388,0.662608042689974
62.9833333333326,44.1854166666656,0.017,0.947662408581707
48.2645833333328,8.36874999999944,1.124,0.284869004867146
21.8604166666665,41.8854166666656,0.006,0.526747772874253
55.3124999999993,36.4458333333324,2.183,0.497693512714006
57.610416666666,-5.4500000000003,0.005,0.988136453662357
41.2249999999995,47.3270833333322,1.002,0.42994132565408
49.5937499999994,40.206249999999,0.292,0.280245495341674
49.3354166666661,34.8833333333324,0.246,0.734904281646611
55.597916666666,23.5145833333326,0.25,0.361243963962817
29.1395833333331,61.2604166666654,0.038,0.016654536879106
66.2187499999992,49.3687499999988,0,0.289073062892726
31.2729166666664,56.8062499999987,0.028,0.23683508542802
46.5354166666661,40.181249999999,0.545,0.799496326397659
59.9604166666659,31.5479166666658,0.001,0.604001616675433
41.3645833333329,41.824999999999,0.114,0.201818364907768
14.4354166666666,44.5979166666656,0.567,0.378381480345715
29.0958333333331,45.7104166666656,0.012,0.347753121555148
25.7833333333331,45.8041666666655,0.089,0.11462176618757
66.6895833333325,58.8229166666654,0.03,0.823111178336635
73.631249999999,55.9604166666654,0,0.101905394281835
45.8291666666661,13.1958333333328,4.818,0.352556818803016
34.377083333333,42.212499999999,0,0.70391628720118
58.3916666666659,55.695833333332,0.192,0.426869407899079
62.1854166666659,54.0520833333321,0.001,0.396220463039377
57.0833333333326,-4.23333333333363,0.017,0.087364963295996
43.2833333333328,54.9624999999987,0.041,0.023663425539082
47.9499999999994,-2.68333333333362,0.813,0.831715210349794
52.8895833333327,-6.93125000000029,0.008,0.25240698895254
40.9791666666662,16.8687499999994,10.464,0.660296497920882
39.5333333333329,37.7208333333323,0.123,0.100954540350101
51.4395833333327,7.67291666666614,3.869,0.803384654710141
63.5312499999992,41.7312499999989,0.041,0.684786359133707
66.9541666666658,39.262499999999,0.007,0.706817501551425
54.054166666666,11.7312499999995,0.907,0.424951819460238
48.3729166666661,39.1354166666657,1.123,0.257913178756069
55.2520833333327,40.7916666666656,0.12,0.241141441399666
35.502083333333,41.9916666666656,0.145,0.933903955518978
41.8104166666662,46.4812499999989,1.219,0.390430981155655
47.4687499999995,1.53958333333296,1.431,0.92671403344873
27.7333333333331,52.6499999999988,0.918,0.138047439877514
51.8999999999994,49.7999999999988,0.042,0.678463810981964
30.402083333333,38.8416666666656,0.081,0.953313212061797
63.0145833333325,24.6937499999992,0.114,0.711059270378462
63.9312499999992,30.9624999999991,0.017,0.963541175881643
43.2749999999995,58.1624999999987,0.243,0.628695402156467
36.120833333333,42.5104166666656,1.291,0.854978117675311
22.4749999999998,44.3499999999989,0.044,0.134212422761739
38.2104166666662,40.5479166666657,2.156,0.17360801023744
52.760416666666,-6.78333333333362,1.329,0.025415276724149
60.5749999999992,5.09374999999952,0.135,0.025001169839487
30.9229166666664,48.6270833333322,1.769,0.024961527192057
48.4812499999994,5.53333333333291,0.202,0.74057170240576
36.5666666666663,58.170833333332,2.056,0.268752491132258
53.5895833333327,46.0770833333323,0.224,0.0932704464039
50.3062499999994,-4.80208333333366,0.025,0.405814668047999
53.6645833333327,-1.94791666666703,3.15,0.670179702789776
49.9062499999994,31.4249999999991,0.304,0.397126792608464
35.5562499999996,57.302083333332,0.374,0.663419595776177
58.2937499999993,30.1999999999991,0.161,0.246655211614701
15.3895833333333,43.6583333333322,5.443,0.411363639506195
33.370833333333,46.4729166666656,0.331,0.242909146723472
37.658333333333,40.3270833333323,1.271,0.233404908601325
36.4729166666663,45.7187499999989,0.376,0.828055997144147
38.1687499999996,-3.12708333333367,0.32,0.584732187313356
47.9270833333328,25.8562499999992,0.284,0.411426823994606
33.3229166666663,39.2791666666656,0.003,0.094855482001769
66.5270833333325,30.1666666666658,0.024,0.546364841771079
34.3229166666663,36.299999999999,0.096,0.820184474178048
48.6895833333328,48.6270833333322,0.021,0.833852826512202
64.9791666666658,12.6416666666661,0.007,0.886420249228102
53.7124999999994,43.6708333333323,0.244,0.219216520003818
62.7916666666659,58.0166666666653,0.004,0.925389333060354
44.4062499999995,38.4666666666656,0.902,0.840747261070335
62.4937499999992,49.6270833333322,0.018,0.533116645258037
39.4979166666662,57.8562499999987,0.085,0.66342058771896
45.3979166666662,36.0854166666657,0.069,0.614138465499515
58.0124999999993,41.874999999999,0.223,0.197375410881675
48.2187499999994,3.37499999999955,11.896,0.765122466585728
62.3749999999992,31.0687499999992,0.021,0.396854916778979
45.2437499999995,4.58333333333286,0.945,0.27155681126089
41.4208333333328,-76.4854166666676,0.404,0.775073267050708
30.1979166666663,-94.6500000000007,0.055,0.627283070967205
45.0666666666661,-81.3104166666676,0.072,0.912891337550828
57.3395833333325,-94.852083333334,0,0.385873888998333
45.5520833333327,-115.889583333334,0,0.017762648519531
47.9687499999993,-58.6187500000012,0,0.361491256869188
51.7979166666659,-127.48125,0,0.575326249281037
50.2333333333326,-100.654166666667,0.031,0.409897409924475
58.1854166666658,-95.858333333334,0,0.765007062372787
36.7895833333328,-119.289583333334,0.587,0.188753515658636
18.4479166666665,-102.239583333334,0.126,0.018556756442845
46.8458333333327,-122.520833333334,0.243,0.281390082325946
58.9229166666658,-71.4083333333344,0,0.593891997566717
51.5562499999992,-88.5604166666674,0,0.597518832630883
53.7562499999993,-130.05,0,0.323619386269999
48.9645833333327,-96.7562500000007,0.032,0.190146200047184
26.602083333333,-97.939583333334,0.001,0.575697934016421
42.4874999999994,-98.1416666666673,0.023,0.627805374411585
60.9812499999991,-72.2354166666677,0,0.306456599600276
46.9312499999993,-107.922916666667,0.005,0.511631978926352
48.8562499999993,-82.8020833333342,0,0.891516892180283
40.1208333333328,-80.1937500000009,0.223,0.406308111861042
45.5437499999994,-105.083333333334,0.002,0.967430105001317
34.9729166666662,-101.977083333334,0.727,0.150764553067291
50.7062499999993,-76.150000000001,0,0.924395355166727
37.6229166666661,-94.245833333334,0.044,0.990166431172443
55.7479166666659,-70.9520833333344,0,0.53765185387081
16.4354166666665,-89.6770833333341,0.066,0.570487099386072
35.8145833333328,-118.84375,0.003,0.593972917573119
51.7499999999992,-103.697916666667,0.016,0.64066108857108
27.164583333333,-107.95625,0.233,0.37325854715918
36.5874999999995,-79.6000000000009,0.617,0.880985541180145
56.7687499999992,-91.8479166666674,0,0.824388392959378
35.9166666666662,-88.4000000000008,0.514,0.739857281184399
35.5583333333328,-116.416666666667,0,0.887074988704737
45.2083333333327,-75.9479166666676,1.182,0.526049577993757
51.5562499999992,-67.4520833333344,0,0.819244379677685
37.3812499999995,-92.7062500000007,0.065,0.63448807539631
41.7749999999994,-103.079166666667,0.003,0.398000185955157
51.9104166666659,-111.760416666667,0.002,0.346136504934762
56.9729166666659,-71.2458333333344,0,0.002442657000932
45.0749999999994,-64.9895833333345,0.011,0.809063588163982
32.8604166666663,-86.3395833333341,0.023,0.563883380592144
47.4437499999993,-107.433333333334,0.005,0.58182211471593
34.0604166666662,-83.9812500000008,7.761,0.867833239055901
58.1354166666659,-103.547916666667,0,0.135939278598929
54.0833333333326,-108.66875,0.02,0.147833429583417
17.4208333333332,-97.6729166666673,0.252,0.021853364546563
54.8729166666659,-66.9645833333344,0,0.546337010794374
30.1770833333329,-84.2437500000008,0.003,0.07108715168598
53.7604166666659,-77.0083333333343,0,0.956261384347564
30.5229166666663,-86.7187500000008,0,0.121975448593583
48.0395833333327,-102.160416666667,0.007,0.405866228685249
30.514583333333,-83.8187500000009,0.003,0.537188498407294
28.9104166666663,-100.206250000001,0.001,0.668608702720069
28.483333333333,-108.945833333334,0.001,0.596599703669958
58.8104166666658,-133.402083333333,0,0.052550163942992
29.7062499999996,-96.1062500000006,0.155,0.278147550167503
50.5416666666659,-70.0229166666677,0,0.525254798486223
17.6749999999998,-91.5354166666674,0.106,0.440465355894074
55.8833333333325,-129.777083333333,0,0.085732863188563
59.3854166666658,-77.193750000001,0,0.70331224886393
9.13541666666661,-79.8125000000009,0.035,0.734870857745247
38.1791666666661,-99.3312500000006,0.004,0.640712971871976
51.7479166666659,-77.2020833333343,0,0.527571574082412
42.0395833333328,-94.695833333334,0.959,0.958419430266751
40.5541666666661,-99.8020833333339,0.02,0.880746329349494
41.6604166666661,-74.925000000001,0.085,0.032797424654985
53.1645833333326,-56.3604166666679,0,0.390046331367022
57.7458333333325,-134.45,0,0.606361169610523
38.6312499999995,-114.352083333334,0,0.848564999718988
57.5729166666659,-68.0062500000011,0,0.800089647157249
19.2562499999998,-88.3229166666674,0.075,0.647456452122637
51.8812499999992,-101.789583333334,0,0.71571344047361
13.6999999999999,-87.9687500000008,5.102,0.242117767724366
29.7729166666663,-104.520833333334,0.001,0.601045889769342
40.1979166666661,-105.589583333334,0,0.453959860125104
41.7854166666661,-73.7354166666677,0.011,0.349697758126665
13.8020833333332,-84.5187500000008,0.009,0.76043670420069
39.2187499999994,-103.893750000001,0.002,0.444727692030321
31.5104166666663,-115.889583333334,0.001,0.006070790773581
11.7895833333332,-83.7479166666675,0.022,0.014671555156221
37.6645833333328,-108.88125,0.017,0.691812253187572
56.7854166666658,-135.041666666667,0,0.436381965879899
10.6041666666666,-83.5375000000009,0.006,0.195390499946685
55.0895833333326,-92.3187500000007,0,0.86698816181115
57.0687499999992,-76.2145833333343,0,0.599216419414231
17.8187499999998,-101.160416666667,0.006,0.057126931951978
32.2187499999996,-103.172916666667,0.017,0.650502543969896
27.777083333333,-109.0625,0.002,0.660936005631736
57.2645833333325,-68.0104166666678,0,0.76555748348431
24.4229166666664,-78.0083333333343,0.016,0.487107299951821
41.0645833333328,-103.647916666667,0.004,0.160951836162307
48.4437499999993,-93.3812500000007,0.007,0.132712585178582
49.0437499999993,-83.2062500000009,0,0.616133920336768
22.1749999999997,-79.2604166666676,0.303,0.384201471244475
40.6395833333328,-84.6791666666675,0.206,0.287284723075414
48.0187499999993,-84.9812500000008,0.001,0.583449442580317
28.8791666666663,-107.564583333334,0.028,0.185403052410091
49.5249999999993,-71.837500000001,0,0.177980564552948
41.5687499999993,77.7104166666664,0.068,0.7751412668889
28.5562499999995,110.889583333333,0.535,0.17317091178068
50.7979166666659,133.560416666665,0.001,0.219102965520668
26.6895833333329,71.5749999999998,0.487,0.600078169205571
26.5770833333329,88.0395833333328,3.127,0.069095278258401
13.5874999999998,98.9020833333326,0.282,0.501348808122299
48.3208333333326,78.8416666666663,0.064,0.819103221174292
42.7833333333326,94.4562499999995,0.041,0.151208319886368
41.547916666666,82.3020833333331,0.208,0.961618993529791
46.2249999999993,123.504166666666,1.737,0.867743043235605
26.1187499999996,95.8479166666661,0.065,0.654465801584957
41.854166666666,103.216666666666,0.003,0.278607333362995
34.6937499999994,99.0874999999993,0.012,0.973716477458511
33.8374999999995,88.4916666666661,0,0.437507366434264
25.3437499999996,83.4395833333329,20.449,0.434241299355933
23.3145833333329,76.9999999999997,4.523,0.577450033436546
35.9770833333328,91.4854166666661,0,0.214965113333673
44.9833333333326,147.897916666665,0.008,0.224468160818438
25.6708333333329,111.187499999999,1.587,0.481858066671472
27.2062499999996,86.8937499999996,0.775,0.054002565241634
26.5041666666662,83.3249999999996,11.02,0.368944381217514
32.3791666666661,116.666666666666,16.395,0.622508870712278
26.6208333333329,69.9979166666664,0.288,0.31302457599073
39.8062499999994,70.7187499999998,3.224,0.034008678249885
22.7312499999997,96.9312499999993,0.188,0.783523646458843
43.0062499999993,76.3354166666664,0.004,0.030122919391471
20.770833333333,77.989583333333,2.952,0.103065667910444
31.0020833333328,79.6395833333331,0,0.442608479861179
15.5312499999998,108.160416666666,0.113,0.557193054607065
13.1895833333331,106.581249999999,0.002,0.121855247973798
33.5437499999995,81.7187499999996,0,0.828203337592767
27.4104166666662,89.2062499999995,0.013,0.97754677934045
25.8541666666663,69.2604166666665,1.231,0.108892523623133
24.4104166666663,121.381249999999,0.009,0.346348211825854
51.4041666666658,122.145833333332,0.252,0.815822274546568
13.7479166666665,76.477083333333,1.894,0.997415106628985
27.6312499999995,69.3062499999998,0.048,0.100618759927796
28.1166666666662,70.8104166666664,5.516,0.251024153528567
12.5520833333331,98.341666666666,0.118,0.11372271916656
13.1124999999998,99.8874999999993,6.677,0.268430956971932
22.2229166666663,94.1416666666662,0.331,0.998460456496808
27.6854166666662,71.1895833333331,0.019,0.40996983304409
26.4979166666663,98.135416666666,0.002,0.58947813579649
45.1645833333326,84.402083333333,0,0.557061999433415
17.5020833333331,99.1437499999993,0.03,0.469783273927673
40.7145833333327,99.029166666666,0,0.565667431728997
13.0187499999998,75.5979166666664,0.714,0.826573761144325
30.6833333333329,93.7041666666661,0,0.936576758160558
24.8374999999996,111.787499999999,0.446,0.663983735677975
36.4729166666661,64.8395833333332,0.261,0.984258507512392
36.3499999999994,78.4749999999997,0.008,0.610074502288295
25.7958333333329,96.5604166666661,0.199,0.026697796993569
21.2229166666663,92.5145833333328,0.006,0.839564929373195
5.06458333333327,101.512499999999,0.099,0.462583887656183
35.4749999999994,92.1854166666661,0,0.894070917502702
35.6062499999995,137.022916666665,0.806,0.509854795989021
36.5583333333327,75.0187499999997,0.079,0.444319049555539
13.1624999999998,105.447916666666,0.359,0.626251137037332
21.4937499999997,105.689583333333,2.167,0.643857600038807
38.5854166666661,101.602083333333,0.015,0.112895150651569
35.2874999999995,72.0854166666664,2.261,0.590182043113483
37.7833333333327,96.1166666666661,0.026,0.548847682637518
31.9854166666662,118.835416666666,2.018,0.724307689695904
31.3854166666662,99.885416666666,0,0.120239849858336
39.5854166666661,116.885416666666,0.319,0.613992788681267
21.9854166666663,78.002083333333,1.957,0.581101907151638
41.172916666666,118.372916666666,0.412,0.970960608879872
45.1708333333326,90.1249999999995,0.016,0.774312698115661
28.2062499999995,107.339583333333,1.078,0.234340243191507
40.0979166666661,74.3979166666664,0.16,0.176238796151203
24.489583333333,88.5854166666661,9.818,0.769892250152551
44.0999999999993,73.6770833333331,0.013,0.327966343295565
32.6770833333328,109.410416666666,1.872,0.045628297589896
34.5312499999995,107.074999999999,2.715,0.452498785887715
33.1895833333328,74.5479166666664,1.663,0.2445937733784
40.5562499999994,140.145833333332,0.371,0.411386263234153
42.022916666666,73.1999999999998,0.375,0.392700481107163
27.9187499999996,68.2812499999998,7.124,0.964388925909289
27.2187499999996,102.593749999999,0.225,0.049232181203264
36.7499999999994,96.704166666666,0,0.555910885721421
35.4333333333328,139.435416666665,21.802,0.332197809710862
32.4020833333328,95.4895833333327,0.118,0.424342640341145
28.9416666666662,78.0729166666663,14.456,0.177570692639689
29.8770833333329,73.6812499999998,5.034,0.944918265599056
46.035416666666,106.497916666666,0.001,0.429451481727646
36.5666666666661,72.9083333333331,0.258,0.553853201972198
35.6749999999994,67.6458333333333,0.272,0.474248884398036
30.3854166666662,78.877083333333,4.698,0.243706281525336
46.0979166666659,110.152083333333,0.009,0.009867789359494
19.233333333333,83.033333333333,2.041,0.988046986555054
30.3937499999995,93.6604166666661,0.016,0.948325721302756
25.6187499999996,91.1583333333328,0.431,0.355452211975714
44.7895833333326,90.2854166666661,0,0.768924414647961
47.7145833333326,128.956249999999,8.208,0.33725162462716
50.5479166666659,131.329166666665,0.007,0.668332194672728
33.4145833333328,87.7666666666662,0,0.821681182451823
18.595833333333,75.2374999999997,4.694,0.146923237577787
38.3687499999994,107.493749999999,0.014,0.882525512606813
53.7187499999992,128.579166666666,0.009,0.562898547277908
44.1520833333326,122.835416666666,0.709,0.784107248630296
63.4708333333331,-65.3083333333351,0,0.807341964871399
60.6895833333332,-118.170833333334,0,0.359384670379783
67.6520833333331,-131.539583333334,0,0.807664421025743
67.3979166666664,-124.447916666668,0,0.731711777202658
55.9770833333332,-119.208333333334,0.008,0.643758404305826
55.7770833333333,-116.314583333334,0.024,0.440848956356281
61.9145833333332,-106.162500000001,0,0.58731051018195
63.7104166666665,-155.435416666667,0,0.20633262890934
59.6520833333332,-134.281250000001,0,0.653154690783483
65.6520833333331,-156.079166666667,0,0.667558372419375
60.8854166666665,-122.789583333334,0,0.859446531449622
60.1583333333332,-97.9270833333346,0,0.282510576572418
56.1854166666666,-123.597916666668,0,0.868629340384144
62.3687499999998,-129.947916666667,0,0.997227639442183
62.0979166666665,-94.591666666668,0,0.608452630328255
59.2145833333332,-112.893750000001,0,0.544625149880235
59.0770833333332,-105.845833333335,0,0.63593690886051
61.5812499999998,-154.43125,0,0.403958922317582
60.9791666666665,-164.560416666667,0,0.922023800330158
69.2958333333331,-150.420833333334,0,0.145992937635473
69.9812499999997,-93.9270833333347,0,0.439575464625776
62.2645833333332,-143.602083333334,0,0.778944752408208
57.9083333333332,-116.875000000001,0.003,0.03896131733787
59.5270833333332,-161.38125,0,0.986634423785565
65.0270833333331,-163.252083333334,0,0.989875769772827
63.9145833333332,-123.760416666668,0,0.61484643303769
60.4083333333332,-139.756250000001,0,0.614543786723316
66.0208333333331,-129.141666666667,0,0.287514146393058
61.7437499999998,-109.831250000001,0,0.599725351287693
67.5104166666664,-141.706250000001,0,0.341173128180732
58.9354166666666,-114.652083333334,0,0.928985268361982
61.4541666666665,-153.139583333334,0,0.417111435992385
71.589583333333,-120.962500000001,0,0.490947640090164
64.5520833333331,-126.177083333334,0,0.360742765349745
61.0749999999999,-148.966666666667,0,0.859439712420646
64.7062499999998,-71.5854166666684,0,0.415186726204726
62.0645833333332,-125.931250000001,0,0.167742092226893
63.2124999999998,-93.0416666666681,0,0.665441484275534
61.7729166666665,-136.031250000001,0,0.484871799135875
71.8374999999997,-111.150000000001,0,0.485711630110166
61.2229166666665,-153.04375,0,0.547646015950839
66.1166666666664,-102.229166666668,0,0.468197556197497
59.1999999999999,-129.466666666667,0,0.18515665265967
61.1937499999998,-126.966666666668,0,0.860904418638331
61.5208333333332,-116.587500000001,0,0.230954101482598
64.5270833333331,-105.133333333335,0,0.367746670580825
65.6354166666665,-101.433333333335,0,0.085443929869328
64.6770833333332,-148.745833333334,0,0.859100864178547
65.4124999999998,-134.470833333334,0,0.538990965249766
68.0624999999997,-97.1312500000013,0,0.938003806773572
64.4145833333331,-141.647916666667,0,0.533618840785486
70.4416666666664,-74.783333333335,0,0.642397449642258
62.1541666666665,-93.4583333333347,0,0.264925686094418
56.6062499999999,-114.058333333334,0,0.180134645621689
63.4645833333332,-131.752083333334,0,0.63511317645664
60.6041666666665,-143.412500000001,0,0.375871087839019
67.3958333333331,-146.433333333334,0,0.725492455885166
68.5729166666664,-83.2187500000016,0,0.935961107798094
61.2479166666665,-130.266666666667,0,0.432471964613602
62.8437499999998,-143.610416666667,0,0.924957144837703
53.63125,-117.710416666668,0,0.392318670595477
68.1770833333331,-89.9854166666681,0,0.793979434077678
80.2437499999995,-81.2770833333349,0,0.25005404721059
64.9895833333331,-164.360416666667,0,0.120355203344861
68.6604166666664,-69.4333333333351,0,0.607761041777714
52.0958333333333,-173.708333333333,0,0.830705596692548
64.4979166666665,-118.568750000001,0,0.680666678539376
60.9854166666665,-144.768750000001,0,0.959754140247317
67.8229166666664,-160.622916666667,0,0.339251727324425
57.3624999999999,-121.656250000001,0.001,0.219447572407389
65.4312499999998,-149.279166666667,0,0.608011247933806
59.4583333333332,-116.931250000001,0,0.548416836860068
54.1979166666666,-166.002083333334,0,0.22609821310203
61.5520833333332,-130.018750000001,0,0.205696844880734
73.227083333333,-78.4833333333349,0,0.248048810145798
60.7729166666665,-111.135416666668,0,0.665166285238251
78.6854166666662,-76.1125000000016,0,0.714136087105796
64.5854166666665,-147.360416666667,0,0.047571403885634
64.1854166666664,-67.2750000000018,0,0.225660951324206
60.7874999999998,-144.881250000001,0,0.519468918849452
72.4854166666663,-106.343750000001,0,0.077953121438662
61.1645833333332,-148.206250000001,0,0.613412110641405
59.3937499999999,-138.097916666667,0,0.357357682309251
61.7104166666665,-96.985416666668,0,0.424763630107911
61.4270833333332,-148.656250000001,0,0.14741015234149
62.7729166666665,-115.410416666668,0,0.770382489304935
66.6854166666664,-178.70625,0.001,0.1315309241639
66.3604166666664,-139.189583333334,0,0.407355655840997
60.0604166666665,-130.981250000001,0,0.830136618160236
65.6354166666665,-162.48125,0,0.422851181005266
56.3437499999999,-122.302083333334,0,0.394393573259641
73.7312499999997,-91.5916666666681,0,0.023645944644515
64.0145833333331,-160.114583333334,0,0.20539409624666
59.9604166666665,-96.3312500000013,0,0.681112111925317
63.5604166666665,-122.927083333334,0,0.682888663067394
57.0645833333332,-116.156250000001,0,0.543435175995426
63.9687499999998,-110.045833333334,0,0.984230107612778
58.5520833333332,-156.839583333334,0,0.892979508462976
68.0937499999997,-125.639583333334,0,0.009551736422021
60.0770833333332,-105.629166666668,0,0.578646765527773
