lat,lon,time,water_level,flood_level
44.9305688,-84.69225229,0,3.59,3.218
29.0491611,-95.4775222,3600,12.19,12.170000000000002
44.9305688,-84.69225229,3600,3.59,3.218
44.19563889,-89.4174722,3600,99.28,91.551
45.2073611,-118.0205,7200,27.2,27.163999999999998
44.19563889,-89.4174722,7200,99.28,91.551
35.41007829,-86.0697088,7200,10.7,10.281
21.4973611,-157.9807222,7200,19.18,17.168
32.7804544,-79.923699,10800,20.86,19.976000000000003
33.47366667,-81.2089167,10800,4.64,4.630999999999999
35.41007829,-86.0697088,10800,10.71,10.281
41.12875,-76.3034722,14400,2.27,2.2059999999999995
44.19563889,-89.4174722,14400,99.28,91.551
43.98244444,-89.5480556,14400,14.44,13.719
33.2531111,-81.16125,14400,6.64,5.790000000000001
21.4973611,-157.9807222,14400,17.23,17.168
30.17647778,-97.5869167,18000,11.02,10.980999999999998
44.9305688,-84.69225229,18000,3.58,3.218
41.31055556,-71.8583333,18000,2.38,1.167
41.31055556,-71.8583333,21600,2.73,1.167
32.7804544,-79.923699,21600,22.39,19.976000000000003
35.41007829,-86.0697088,21600,10.71,10.281
41.67891099,-88.000967,25200,25.69,25.332
30.41746058,-81.69648758,25200,2.06,1.573
21.4973611,-157.9807222,25200,17.23,17.168
30.45494167,-81.59688889,28800,2.21,1.7480000000000004
21.39416667,-157.749361,28800,6.03,5.998
42.42888889,-124.4122222,32400,8.54,7.427000000000001
45.2073611,-118.0205,32400,27.19,27.163999999999998
41.12875,-76.3034722,32400,2.25,2.2059999999999995
30.63935956,-88.3930674,32400,11.07,10.465
41.88836638,-87.6075518,36000,2.05,1.08
30.17647778,-97.5869167,36000,11.03,10.980999999999998
41.12875,-76.3034722,36000,2.25,2.2059999999999995
44.19563889,-89.4174722,36000,99.27,91.551
33.24042765,-81.40816269,36000,7.24,6.832999999999998
41.88836638,-87.6075518,39600,1.95,1.08
42.42888889,-124.4122222,39600,7.66,7.427000000000001
47.8686089,-98.3578795,39600,47.15,43.098
33.2531111,-81.16125,39600,6.5,5.790000000000001
33.24042765,-81.40816269,39600,7.23,6.832999999999998
21.39416667,-157.749361,39600,6.31,5.998
21.4973611,-157.9807222,39600,17.23,17.168
41.88836638,-87.6075518,43200,1.88,1.08
44.9305688,-84.69225229,43200,3.58,3.218
48.65913889,-121.2890278,43200,29.39,28.172000000000004
29.0811111,-81.8808333,43200,58.95,58.855999999999995
41.67891099,-88.000967,46800,25.56,25.332
33.24428056,-79.9913028,46800,9.84,9.818
44.19563889,-89.4174722,46800,99.27,91.551
33.24042765,-81.40816269,46800,7.2,6.832999999999998
21.4973611,-157.9807222,46800,17.23,17.168
41.88836638,-87.6075518,50400,2.25,1.08
45.2073611,-118.0205,50400,27.18,27.163999999999998
41.67891099,-88.000967,50400,25.55,25.332
39.2206139,-84.4468864,50400,11.09,10.619
44.8875,-88.4722222,50400,93.97,93.949
47.8686089,-98.3578795,50400,47.13,43.098
21.39416667,-157.749361,50400,6.84,5.998
30.17647778,-97.5869167,54000,11.03,10.980999999999998
43.98244444,-89.5480556,54000,14.44,13.719
41.12875,-76.3034722,57600,2.25,2.2059999999999995
41.67891099,-88.000967,57600,25.53,25.332
38.01645276,-85.30773099,57600,50.64,50.232
44.8875,-88.4722222,57600,93.97,93.949
30.63935956,-88.3930674,57600,11.08,10.465
33.24042765,-81.40816269,57600,7.16,6.832999999999998
30.17647778,-97.5869167,61200,11.03,10.980999999999998
45.2073611,-118.0205,61200,27.18,27.163999999999998
39.27339134,-84.4110524,61200,4.65,3.5559999999999996
44.19563889,-89.4174722,61200,99.27,91.551
43.98244444,-89.5480556,61200,14.43,13.719
32.7804544,-79.923699,61200,20.92,19.976000000000003
35.41007829,-86.0697088,61200,10.77,10.281
29.30452778,-89.597,64800,6.91,6.656000000000001
29.92105823,-95.840229,64800,152.84,117.07000000000001
41.31055556,-71.8583333,64800,1.51,1.167
39.2206139,-84.4468864,64800,11.08,10.619
48.65913889,-121.2890278,64800,29.41,28.172000000000004
21.39416667,-157.749361,64800,7.28,5.998
29.30452778,-89.597,68400,6.97,6.656000000000001
41.12875,-76.3034722,68400,2.27,2.2059999999999995
21.5523611,-158.0655833,68400,27.27,26.137999999999998
45.2073611,-118.0205,72000,27.18,27.163999999999998
29.4742722,-90.0066056,72000,7.85,7.787000000000001
48.65913889,-121.2890278,72000,29.32,28.172000000000004
32.7804544,-79.923699,72000,20.35,19.976000000000003
29.30452778,-89.597,75600,6.93,6.656000000000001
30.17647778,-97.5869167,79200,11.02,10.980999999999998
45.2073611,-118.0205,79200,27.18,27.163999999999998
44.9305688,-84.69225229,79200,3.58,3.218
48.65913889,-121.2890278,79200,28.97,28.172000000000004
44.19563889,-89.4174722,79200,99.27,91.551
21.4973611,-157.9807222,79200,17.23,17.168
21.5523611,-158.0655833,79200,27.23,26.137999999999998
39.58589537,-83.122687,82800,7.97,7.686999999999999
29.4742722,-90.0066056,82800,7.9,7.787000000000001
44.19563889,-89.4174722,82800,99.27,91.551
33.2531111,-81.16125,82800,6.28,5.790000000000001
35.41007829,-86.0697088,82800,10.97,10.281
21.4973611,-157.9807222,82800,17.23,17.168
41.88836638,-87.6075518,86400,2.15,1.08
29.4742722,-90.0066056,86400,7.8,7.787000000000001
38.01645276,-85.30773099,86400,53.28,50.232
30.47466944,-87.8026444,86400,2.94,2.922
47.8686089,-98.3578795,86400,47.13,43.098
41.88836638,-87.6075518,90000,2.14,1.08
44.8875,-88.4722222,90000,93.97,93.949
47.8686089,-98.3578795,90000,47.12,43.098
45.2073611,-118.0205,93600,27.18,27.163999999999998
44.9305688,-84.69225229,93600,3.58,3.218
44.8875,-88.4722222,93600,93.96,93.949
30.63935956,-88.3930674,93600,11.07,10.465
47.8686089,-98.3578795,97200,47.12,43.098
33.2531111,-81.16125,97200,6.24,5.790000000000001
29.0811111,-81.8808333,97200,58.94,58.855999999999995
34.88064458,-86.48054629,97200,9.33,8.097
41.88836638,-87.6075518,100800,2.07,1.08
40.04591376,-78.5289068,100800,8.43,8.282
41.12875,-76.3034722,100800,2.55,2.2059999999999995
44.9305688,-84.69225229,100800,3.57,3.218
47.8686089,-98.3578795,100800,47.13,43.098
29.0811111,-81.8808333,100800,58.94,58.855999999999995
39.58339358,-84.030211,104400,9.87,9.68
34.88064458,-86.48054629,104400,9.57,8.097
29.0491611,-95.4775222,108000,12.2,12.170000000000002
29.92105823,-95.840229,108000,152.83,117.07000000000001
44.9305688,-84.69225229,108000,3.58,3.218
32.7804544,-79.923699,108000,22.1,19.976000000000003
34.78613889,-83.4155833,108000,1.54,1.0299999999999998
35.41007829,-86.0697088,108000,11.1,10.281
34.88064458,-86.48054629,108000,9.64,8.097
40.04591376,-78.5289068,111600,8.29,8.282
41.12875,-76.3034722,111600,2.58,2.2059999999999995
40.14951635,-79.901437,111600,22.09,19.824
41.31055556,-71.8583333,111600,3.04,1.167
44.8875,-88.4722222,111600,93.96,93.949
21.39416667,-157.749361,111600,6.75,5.998
41.88836638,-87.6075518,115200,1.73,1.08
39.68777778,-84.2308333,115200,13.19,13.075
42.0497222,-70.1822222,115200,6.61,1.655
41.31055556,-71.8583333,115200,3.04,1.167
33.88841667,-84.1828056,115200,4.29,4.091
48.65913889,-121.2890278,115200,29.39,28.172000000000004
44.19563889,-89.4174722,115200,99.27,91.551
30.45494167,-81.59688889,115200,1.9,1.7480000000000004
34.78613889,-83.4155833,115200,1.43,1.0299999999999998
45.2073611,-118.0205,118800,27.18,27.163999999999998
39.68777778,-84.2308333,118800,13.25,13.075
29.0491611,-95.4775222,122400,12.21,12.170000000000002
41.12875,-76.3034722,122400,2.6,2.2059999999999995
39.58339358,-84.030211,122400,9.79,9.68
43.98244444,-89.5480556,122400,14.43,13.719
34.99613889,-82.8278333,122400,2.8,2.6239999999999997
34.78613889,-83.4155833,122400,1.29,1.0299999999999998
29.0491611,-95.4775222,126000,12.21,12.170000000000002
30.17647778,-97.5869167,126000,11.01,10.980999999999998
29.92105823,-95.840229,126000,152.83,117.07000000000001
42.0497222,-70.1822222,126000,7.43,1.655
44.9305688,-84.69225229,126000,3.57,3.218
33.24428056,-79.9913028,126000,12.17,9.818
33.86188889,-84.0973611,126000,1.63,1.539
41.88836638,-87.6075518,129600,1.66,1.08
29.92105823,-95.840229,129600,152.83,117.07000000000001
41.12875,-76.3034722,129600,2.6,2.2059999999999995
41.6001611,-70.4661167,129600,3.21,1.4700000000000002
44.19563889,-89.4174722,129600,99.27,91.551
47.8686089,-98.3578795,129600,47.13,43.098
29.0811111,-81.8808333,129600,58.96,58.855999999999995
29.0491611,-95.4775222,133200,12.23,12.170000000000002
42.0497222,-70.1822222,133200,3.14,1.655
38.65870475,-85.144789,133200,24.73,22.127000000000002
36.13059444,-94.5609806,133200,911.67,910.6210000000001
21.4973611,-157.9807222,133200,17.23,17.168
40.04591376,-78.5289068,136800,8.7,8.282
29.92105823,-95.840229,136800,152.83,117.07000000000001
39.9974111,-79.9589417,136800,22.39,19.635
43.98244444,-89.5480556,136800,14.43,13.719
30.17647778,-97.5869167,140400,11.02,10.980999999999998
39.68777778,-84.2308333,140400,13.24,13.075
38.8650952,-80.6762077,140400,9.67,8.876000000000001
43.98244444,-89.5480556,140400,14.43,13.719
34.99613889,-82.8278333,140400,2.63,2.6239999999999997
33.24042765,-81.40816269,140400,6.93,6.832999999999998
29.0811111,-81.8808333,140400,58.96,58.855999999999995
39.98840049,-82.0804166,144000,10.29,9.986999999999998
39.4825605,-84.0643779,144000,10.41,10.023
38.01645276,-85.30773099,144000,55.71,50.232
44.8875,-88.4722222,144000,93.96,93.949
21.4973611,-157.9807222,144000,17.23,17.168
29.0491611,-95.4775222,147600,12.23,12.170000000000002
41.12875,-76.3034722,147600,2.57,2.2059999999999995
33.2531111,-81.16125,147600,6.28,5.790000000000001
21.39416667,-157.749361,147600,6.49,5.998
21.5523611,-158.0655833,147600,26.16,26.137999999999998
29.0491611,-95.4775222,151200,12.2,12.170000000000002
41.12875,-76.3034722,151200,2.56,2.2059999999999995
39.4825605,-84.0643779,151200,10.39,10.023
38.01645276,-85.30773099,151200,55.88,50.232
39.82638889,-79.9208333,154800,21.23,18.337
41.67891099,-88.000967,154800,25.39,25.332
44.8875,-88.4722222,154800,93.95,93.949
34.01293324,-80.982035,154800,2.38,1.8579999999999999
43.98244444,-89.5480556,154800,14.43,13.719
33.2531111,-81.16125,154800,6.43,5.790000000000001
39.4825605,-84.0643779,158400,10.44,10.023
38.8650952,-80.6762077,158400,9.62,8.876000000000001
38.66315555,-80.7095413,158400,21.79,20.463
39.02395294,-84.1499346,158400,21.72,21.014000000000003
34.1615833,-84.0761111,158400,919.27,917.2349999999999
38.59232159,-80.8845474,162000,10.75,10.523
33.2531111,-81.16125,162000,6.77,5.790000000000001
35.41007829,-86.0697088,162000,11.25,10.281
41.12875,-76.3034722,165600,2.52,2.2059999999999995
30.44838056,-81.5182611,165600,1.96,1.7329999999999999
29.0811111,-81.8808333,165600,58.96,58.855999999999995
44.9305688,-84.69225229,169200,3.56,3.218
39.82638889,-79.9208333,169200,20.14,18.337
38.8650952,-80.6762077,169200,9.41,8.876000000000001
44.8875,-88.4722222,169200,93.95,93.949
48.65913889,-121.2890278,169200,28.79,28.172000000000004
33.2531111,-81.16125,169200,6.82,5.790000000000001
21.39416667,-157.749361,169200,6.4,5.998
39.82638889,-79.9208333,172800,19.66,18.337
44.19563889,-89.4174722,172800,99.26,91.551
33.2531111,-81.16125,172800,6.84,5.790000000000001
33.86188889,-84.0973611,172800,2.21,1.539
39.58589537,-83.122687,176400,8.71,7.686999999999999
38.01645276,-85.30773099,176400,56.3,50.232
27.0964472,-81.0091722,176400,19.98,19.901
41.12875,-76.3034722,180000,2.49,2.2059999999999995
39.4825605,-84.0643779,180000,10.4,10.023
39.02395294,-84.1499346,180000,21.72,21.014000000000003
21.39416667,-157.749361,180000,6.35,5.998
39.98840049,-82.0804166,183600,10.37,9.986999999999998
38.8650952,-80.6762077,183600,9.1,8.876000000000001
38.66315555,-80.7095413,183600,21.61,20.463
38.01645276,-85.30773099,183600,56.38,50.232
30.63935956,-88.3930674,183600,11.13,10.465
47.8686089,-98.3578795,183600,47.13,43.098
34.8561111,-82.2683333,183600,841.13,840.936
33.60702778,-81.1356111,183600,10.07,9.757
33.24042765,-81.40816269,183600,7.83,6.832999999999998
38.66315555,-80.7095413,187200,21.59,20.463
44.8875,-88.4722222,187200,93.95,93.949
35.75788889,-78.6238333,187200,6.49,5.986000000000001
48.65913889,-121.2890278,187200,28.7,28.172000000000004
35.17916667,-80.84638889,187200,4.86,4.577
38.66315555,-80.7095413,190800,21.58,20.463
39.02395294,-84.1499346,190800,21.76,21.014000000000003
43.98244444,-89.5480556,190800,14.43,13.719
29.0811111,-81.8808333,190800,58.98,58.855999999999995
41.12875,-76.3034722,194400,2.45,2.2059999999999995
41.67891099,-88.000967,194400,25.45,25.332
38.8650952,-80.6762077,194400,8.92,8.876000000000001
38.66315555,-80.7095413,194400,21.56,20.463
33.47366667,-81.2089167,194400,6.58,4.630999999999999
33.86188889,-84.0973611,194400,1.93,1.539
39.58589537,-83.122687,198000,8.71,7.686999999999999
40.14951635,-79.901437,198000,23.15,19.824
39.02395294,-84.1499346,198000,21.74,21.014000000000003
35.9419972,-79.0490333,198000,7.1,4.833
35.2108333,-80.8008333,198000,5.92,4.6739999999999995
43.98244444,-89.5480556,198000,14.43,13.719
34.68555556,-83.1516667,198000,10.3,9.514
33.86188889,-84.0973611,198000,1.75,1.539
29.92105823,-95.840229,201600,152.8,117.07000000000001
39.02395294,-84.1499346,201600,21.75,21.014000000000003
35.75788889,-78.6238333,201600,8.91,5.986000000000001
48.65913889,-121.2890278,201600,29.34,28.172000000000004
34.8561111,-82.2683333,201600,841.21,840.936
35.41007829,-86.0697088,201600,11.33,10.281
39.58589537,-83.122687,205200,8.7,7.686999999999999
34.72863889,-80.0640556,205200,9.49,9.054000000000002
34.99613889,-82.8278333,205200,2.66,2.6239999999999997
39.6206174,-83.2129682,208800,6.28,4.998
36.01938889,-78.8947778,208800,5.09,2.721
38.59232159,-80.8845474,208800,10.54,10.523
39.02395294,-84.1499346,208800,21.73,21.014000000000003
38.01645276,-85.30773099,208800,56.59,50.232
34.72863889,-80.0640556,208800,10.04,9.054000000000002
44.19563889,-89.4174722,208800,99.27,91.551
33.60702778,-81.1356111,208800,10.11,9.757
33.24042765,-81.40816269,208800,8.05,6.832999999999998
34.68555556,-83.1516667,208800,9.98,9.514
30.44838056,-81.5182611,208800,1.86,1.7329999999999999
34.1636111,-84.7281944,208800,695.17,694.93
44.9305688,-84.69225229,212400,3.56,3.218
47.8686089,-98.3578795,212400,47.14,43.098
35.41007829,-86.0697088,212400,11.34,10.281
21.39416667,-157.749361,212400,6.24,5.998
39.58589537,-83.122687,216000,8.88,7.686999999999999
44.9305688,-84.69225229,216000,3.56,3.218
38.66315555,-80.7095413,216000,20.54,20.463
38.01645276,-85.30773099,216000,56.62,50.232
21.4973611,-157.9807222,216000,17.23,17.168
35.75688889,-78.6406111,219600,6.05,3.9510000000000005
47.8686089,-98.3578795,219600,47.13,43.098
33.2531111,-81.16125,219600,7.6,5.790000000000001
39.4825605,-84.0643779,223200,11.17,10.023
39.02395294,-84.1499346,223200,21.69,21.014000000000003
35.8211111,-78.6341667,223200,16.57,13.565000000000001
35.75688889,-78.6406111,223200,5.74,3.9510000000000005
38.65870475,-85.144789,223200,28.14,22.127000000000002
33.2531111,-81.16125,223200,7.67,5.790000000000001
41.12875,-76.3034722,226800,2.4,2.2059999999999995
44.9305688,-84.69225229,226800,3.57,3.218
44.8875,-88.4722222,226800,93.95,93.949
39.4825605,-84.0643779,230400,11.2,10.023
33.2531111,-81.16125,230400,7.76,5.790000000000001
38.01645276,-85.30773099,234000,56.55,50.232
35.75788889,-78.6238333,234000,7.91,5.986000000000001
34.72863889,-80.0640556,234000,9.96,9.054000000000002
30.63935956,-88.3930674,234000,11.06,10.465
34.75527778,-81.9272222,234000,11.11,7.947999999999999
33.2531111,-81.16125,234000,7.8,5.790000000000001
34.75527778,-81.9272222,237600,11.22,7.947999999999999
42.1781813,-123.0030974,241200,0.74,0.413
39.951449,-83.7540936,241200,2.71,1.5629999999999997
38.65870475,-85.144789,241200,28.68,22.127000000000002
48.6252222,-121.3398889,241200,8.71,8.701
43.98244444,-89.5480556,241200,14.43,13.719
44.9305688,-84.69225229,244800,3.55,3.218
38.01645276,-85.30773099,244800,56.5,50.232
34.75527778,-81.9272222,244800,11.4,7.947999999999999
32.7804544,-79.923699,244800,20.39,19.976000000000003
41.12875,-76.3034722,248400,2.38,2.2059999999999995
44.9305688,-84.69225229,248400,3.55,3.218
38.65870475,-85.144789,248400,28.81,22.127000000000002
44.19563889,-89.4174722,248400,99.26,91.551
39.58589537,-83.122687,252000,8.89,7.686999999999999
30.17647778,-97.5869167,252000,10.99,10.980999999999998
44.9305688,-84.69225229,252000,3.56,3.218
38.01645276,-85.30773099,252000,56.46,50.232
47.8686089,-98.3578795,252000,47.13,43.098
43.98244444,-89.5480556,252000,14.43,13.719
33.2531111,-81.16125,252000,7.9,5.790000000000001
41.12875,-76.3034722,255600,2.37,2.2059999999999995
38.11769287,-83.5318816,255600,35.13,34.062
36.13059444,-94.5609806,255600,910.9,910.6210000000001
33.47366667,-81.2089167,255600,6.47,4.630999999999999
34.20169444,-82.0462778,255600,9.2,6.346
35.41007829,-86.0697088,255600,11.36,10.281
39.4825605,-84.0643779,259200,11.18,10.023
41.6001611,-70.4661167,259200,1.59,1.4700000000000002
38.01645276,-85.30773099,259200,56.43,50.232
47.8686089,-98.3578795,262800,47.13,43.098
33.60702778,-81.1356111,262800,10.11,9.757
34.20169444,-82.0462778,262800,9.11,6.346
29.92105823,-95.840229,266400,152.85,117.07000000000001
48.65913889,-121.2890278,266400,28.65,28.172000000000004
29.92105823,-95.840229,270000,152.85,117.07000000000001
41.12875,-76.3034722,270000,2.36,2.2059999999999995
39.02395294,-84.1499346,270000,21.24,21.014000000000003
43.98244444,-89.5480556,270000,14.43,13.719
41.67891099,-88.000967,273600,25.55,25.332
36.13059444,-94.5609806,273600,910.87,910.6210000000001
33.60702778,-81.1356111,273600,10.1,9.757
34.1636111,-84.7281944,273600,694.95,694.93
21.4973611,-157.9807222,273600,17.23,17.168
30.17647778,-97.5869167,277200,10.99,10.980999999999998
44.0525,-123.0827778,277200,15.41,14.76
36.13059444,-94.5609806,277200,910.86,910.6210000000001
33.2531111,-81.16125,277200,7.77,5.790000000000001
29.92105823,-95.840229,280800,152.85,117.07000000000001
39.6206174,-83.2129682,280800,6.1,4.998
39.98840049,-82.0804166,280800,10.23,9.986999999999998
41.67891099,-88.000967,280800,25.56,25.332
34.20169444,-82.0462778,280800,8.72,6.346
39.58589537,-83.122687,284400,8.81,7.686999999999999
42.1781813,-123.0030974,284400,1.1,0.413
44.0525,-123.0827778,284400,15.35,14.76
39.98840049,-82.0804166,284400,10.23,9.986999999999998
39.02395294,-84.1499346,284400,21.26,21.014000000000003
41.67891099,-88.000967,288000,25.48,25.332
44.19563889,-89.4174722,288000,99.27,91.551
21.4973611,-157.9807222,288000,17.23,17.168
39.58589537,-83.122687,291600,8.78,7.686999999999999
39.98840049,-82.0804166,291600,10.29,9.986999999999998
41.31055556,-71.8583333,291600,2.59,1.167
44.19563889,-89.4174722,291600,99.27,91.551
33.47366667,-81.2089167,291600,5.68,4.630999999999999
34.1636111,-84.7281944,291600,696.06,694.93
30.17647778,-97.5869167,295200,11.0,10.980999999999998
44.0525,-123.0827778,295200,15.27,14.76
39.98840049,-82.0804166,295200,10.4,9.986999999999998
48.65913889,-121.2890278,295200,29.38,28.172000000000004
32.7804544,-79.923699,295200,22.41,19.976000000000003
34.1636111,-84.7281944,295200,696.06,694.93
29.92105823,-95.840229,298800,152.84,117.07000000000001
34.20169444,-82.0462778,298800,8.15,6.346
43.06817778,-124.1078444,302400,30.94,30.786999999999995
48.65913889,-121.2890278,302400,29.35,28.172000000000004
21.4973611,-157.9807222,302400,17.23,17.168
43.06817778,-124.1078444,306000,31.04,30.786999999999995
42.0497222,-70.1822222,306000,6.72,1.655
44.19563889,-89.4174722,306000,99.27,91.551
47.8686089,-98.3578795,306000,47.13,43.098
33.60702778,-81.1356111,306000,10.06,9.757
33.47366667,-81.2089167,306000,5.44,4.630999999999999
30.17647778,-97.5869167,309600,11.01,10.980999999999998
38.65870475,-85.144789,309600,29.77,22.127000000000002
33.60702778,-81.1356111,309600,10.06,9.757
21.4973611,-157.9807222,309600,17.23,17.168
39.6206174,-83.2129682,313200,6.0,4.998
42.0497222,-70.1822222,313200,2.08,1.655
48.6252222,-121.3398889,316800,8.75,8.701
33.2531111,-81.16125,316800,7.29,5.790000000000001
45.2073611,-118.0205,320400,27.17,27.163999999999998
41.67891099,-88.000967,320400,25.49,25.332
38.01645276,-85.30773099,320400,55.91,50.232
48.6252222,-121.3398889,320400,8.75,8.701
47.8686089,-98.3578795,320400,47.13,43.098
43.98244444,-89.5480556,320400,14.43,13.719
33.2531111,-81.16125,320400,7.26,5.790000000000001
42.1781813,-123.0030974,324000,0.84,0.413
30.17647778,-97.5869167,324000,11.0,10.980999999999998
38.65870475,-85.144789,327600,30.11,22.127000000000002
33.2531111,-81.16125,327600,7.19,5.790000000000001
35.41007829,-86.0697088,327600,11.39,10.281
34.1636111,-84.7281944,327600,696.03,694.93
21.39416667,-157.749361,327600,6.29,5.998
42.1781813,-123.0030974,331200,0.81,0.413
44.19563889,-89.4174722,331200,99.27,91.551
33.60702778,-81.1356111,331200,10.04,9.757
34.1636111,-84.7281944,331200,696.03,694.93
21.4973611,-157.9807222,331200,17.23,17.168
41.31055556,-71.8583333,334800,1.48,1.167
38.01645276,-85.30773099,334800,55.66,50.232
35.41007829,-86.0697088,334800,11.39,10.281
34.1636111,-84.7281944,334800,695.26,694.93
41.31055556,-71.8583333,338400,1.48,1.167
38.01645276,-85.30773099,338400,55.59,50.232
33.2531111,-81.16125,338400,7.09,5.790000000000001
35.41007829,-86.0697088,338400,11.39,10.281
42.1781813,-123.0030974,342000,0.79,0.413
45.2073611,-118.0205,342000,27.17,27.163999999999998
41.31055556,-71.8583333,342000,1.22,1.167
41.67891099,-88.000967,342000,25.45,25.332
30.41746058,-81.69648758,342000,1.98,1.573
36.13059444,-94.5609806,342000,910.74,910.6210000000001
21.39416667,-157.749361,342000,6.26,5.998
21.4973611,-157.9807222,342000,17.23,17.168
42.42888889,-124.4122222,345600,7.47,7.427000000000001
41.67891099,-88.000967,345600,25.47,25.332
41.67891099,-88.000967,349200,25.42,25.332
36.13059444,-94.5609806,349200,910.73,910.6210000000001
47.8686089,-98.3578795,349200,47.15,43.098
33.47366667,-81.2089167,349200,5.02,4.630999999999999
44.9305688,-84.69225229,352800,3.55,3.218
38.01645276,-85.30773099,352800,55.32,50.232
29.0811111,-81.8808333,352800,58.88,58.855999999999995
21.39416667,-157.749361,352800,6.24,5.998
41.67891099,-88.000967,356400,25.45,25.332
44.19563889,-89.4174722,356400,99.28,91.551
33.24042765,-81.40816269,356400,7.75,6.832999999999998
29.92105823,-95.840229,360000,152.81,117.07000000000001
45.2073611,-118.0205,360000,27.18,27.163999999999998
44.19563889,-89.4174722,360000,99.28,91.551
33.60702778,-81.1356111,360000,10.02,9.757
41.12875,-76.3034722,363600,2.32,2.2059999999999995
33.47366667,-81.2089167,363600,4.94,4.630999999999999
39.58589537,-83.122687,367200,8.54,7.686999999999999
30.17647778,-97.5869167,370800,10.99,10.980999999999998
34.75527778,-81.9272222,370800,8.16,7.947999999999999
34.1636111,-84.7281944,370800,695.19,694.93
44.722,-122.251,374400,1204.48,1204.1580000000001
41.12875,-76.3034722,374400,2.31,2.2059999999999995
38.01645276,-85.30773099,374400,54.94,50.232
29.0811111,-81.8808333,374400,58.9,58.855999999999995
45.2073611,-118.0205,378000,27.18,27.163999999999998
30.44838056,-81.5182611,378000,2.26,1.7329999999999999
29.0811111,-81.8808333,378000,58.9,58.855999999999995
41.12875,-76.3034722,381600,2.29,2.2059999999999995
30.45494167,-81.59688889,381600,1.9,1.7480000000000004
33.2531111,-81.16125,381600,6.81,5.790000000000001
34.1636111,-84.7281944,381600,695.15,694.93
39.58589537,-83.122687,385200,8.48,7.686999999999999
43.15794167,-124.1817944,385200,22.42,21.977999999999998
38.65870475,-85.144789,385200,30.72,22.127000000000002
33.1840565,-79.4058929,385200,12.35,12.337
43.15794167,-124.1817944,388800,22.45,21.977999999999998
41.12875,-76.3034722,388800,2.3,2.2059999999999995
44.8875,-88.4722222,388800,93.96,93.949
38.65870475,-85.144789,388800,30.72,22.127000000000002
43.98244444,-89.5480556,388800,14.46,13.719
30.45494167,-81.59688889,388800,2.55,1.7480000000000004
33.24042765,-81.40816269,388800,7.61,6.832999999999998
21.39416667,-157.749361,388800,6.15,5.998
29.92105823,-95.840229,392400,152.83,117.07000000000001
30.41746058,-81.69648758,392400,2.45,1.573
36.13059444,-94.5609806,392400,910.69,910.6210000000001
30.44838056,-81.5182611,392400,2.9,1.7329999999999999
29.0811111,-81.8808333,392400,58.93,58.855999999999995
42.0497222,-70.1822222,396000,6.06,1.655
36.13059444,-94.5609806,396000,910.68,910.6210000000001
30.44333889,-81.6682,396000,2.52,2.399
30.45494167,-81.59688889,399600,1.92,1.7480000000000004
29.92105823,-95.840229,403200,152.83,117.07000000000001
45.2073611,-118.0205,403200,27.2,27.163999999999998
38.11769287,-83.5318816,403200,36.63,34.062
33.60702778,-81.1356111,403200,9.97,9.757
35.41007829,-86.0697088,403200,11.4,10.281
29.92105823,-95.840229,406800,152.83,117.07000000000001
38.01645276,-85.30773099,406800,54.32,50.232
44.8875,-88.4722222,406800,93.97,93.949
45.2073611,-118.0205,410400,27.19,27.163999999999998
38.65870475,-85.144789,410400,30.66,22.127000000000002
36.13059444,-94.5609806,410400,910.66,910.6210000000001
43.98244444,-89.5480556,410400,14.44,13.719
29.0811111,-81.8808333,410400,58.91,58.855999999999995
35.41007829,-86.0697088,410400,11.4,10.281
42.1781813,-123.0030974,414000,0.91,0.413
29.92105823,-95.840229,414000,152.82,117.07000000000001
33.47366667,-81.2089167,414000,4.75,4.630999999999999
21.4973611,-157.9807222,414000,17.23,17.168
43.15794167,-124.1817944,417600,22.98,21.977999999999998
38.01645276,-85.30773099,417600,54.11,50.232
36.13059444,-94.5609806,417600,910.64,910.6210000000001
43.98244444,-89.5480556,417600,14.45,13.719
32.7804544,-79.923699,417600,21.02,19.976000000000003
33.60702778,-81.1356111,417600,9.96,9.757
33.47366667,-81.2089167,421200,4.74,4.630999999999999
33.24042765,-81.40816269,421200,7.4,6.832999999999998
42.1781813,-123.0030974,424800,0.96,0.413
41.6331643,-70.5047501,424800,28.39,28.351
48.65913889,-121.2890278,424800,29.28,28.172000000000004
33.24042765,-81.40816269,424800,7.38,6.832999999999998
29.0811111,-81.8808333,424800,58.9,58.855999999999995
30.41746058,-81.69648758,428400,1.95,1.573
47.8686089,-98.3578795,428400,47.15,43.098
33.60702778,-81.1356111,428400,9.96,9.757
41.88836638,-87.6075518,432000,1.36,1.08
30.41746058,-81.69648758,432000,2.04,1.573
33.47366667,-81.2089167,432000,4.71,4.630999999999999
30.44838056,-81.5182611,432000,2.58,1.7329999999999999
21.4973611,-157.9807222,432000,17.23,17.168
45.2073611,-118.0205,435600,27.2,27.163999999999998
44.9305688,-84.69225229,435600,3.56,3.218
48.65913889,-121.2890278,435600,28.64,28.172000000000004
21.39416667,-157.749361,435600,6.05,5.998
21.4973611,-157.9807222,435600,17.23,17.168
42.0497222,-70.1822222,439200,5.62,1.655
44.19563889,-89.4174722,439200,99.3,91.551
33.60702778,-81.1356111,439200,9.97,9.757
42.1781813,-123.0030974,442800,1.02,0.413
29.0811111,-81.8808333,446400,58.9,58.855999999999995
47.3534111,-122.2084556,450000,40.29,40.164
43.06817778,-124.1078444,453600,30.92,30.786999999999995
43.15794167,-124.1817944,453600,22.89,21.977999999999998
41.67891099,-88.000967,453600,25.49,25.332
34.1636111,-84.7281944,453600,695.23,694.93
41.88836638,-87.6075518,460800,1.3,1.08
45.2073611,-118.0205,460800,27.2,27.163999999999998
47.3534111,-122.2084556,460800,40.75,40.164
44.8875,-88.4722222,460800,93.96,93.949
47.8686089,-98.3578795,460800,47.14,43.098
33.24042765,-81.40816269,460800,7.19,6.832999999999998
30.17647778,-97.5869167,464400,10.99,10.980999999999998
48.65913889,-121.2890278,464400,29.35,28.172000000000004
21.39416667,-157.749361,464400,6.01,5.998
41.88836638,-87.6075518,468000,1.18,1.08
42.1781813,-123.0030974,468000,1.1,0.413
41.12875,-76.3034722,468000,2.32,2.2059999999999995
47.3788611,-122.2688056,468000,24.1,23.177
38.01645276,-85.30773099,468000,53.14,50.232
47.8686089,-98.3578795,468000,47.14,43.098
29.0811111,-81.8808333,468000,58.9,58.855999999999995
21.39416667,-157.749361,468000,6.0,5.998
30.17647778,-97.5869167,471600,10.99,10.980999999999998
48.65913889,-121.2890278,471600,29.34,28.172000000000004
34.1636111,-84.7281944,471600,695.36,694.93
41.12875,-76.3034722,475200,2.31,2.2059999999999995
41.31055556,-71.8583333,475200,1.25,1.167
47.3534111,-122.2084556,475200,41.37,40.164
30.44838056,-81.5182611,475200,2.95,1.7329999999999999
29.92105823,-95.840229,478800,152.83,117.07000000000001
47.26010078,-122.238453,478800,75.54,74.847
47.3534111,-122.2084556,478800,41.53,40.164
30.41746058,-81.69648758,478800,2.29,1.573
47.8686089,-98.3578795,478800,47.14,43.098
32.7804544,-79.923699,478800,20.66,19.976000000000003
34.1636111,-84.7281944,478800,695.27,694.93
47.3788611,-122.2688056,482400,25.25,23.177
33.2531111,-81.16125,482400,6.46,5.790000000000001
29.92105823,-95.840229,486000,152.83,117.07000000000001
42.0497222,-70.1822222,486000,5.36,1.655
41.6001611,-70.4661167,486000,1.91,1.4700000000000002
44.19563889,-89.4174722,489600,99.3,91.551
45.2073611,-118.0205,493200,27.2,27.163999999999998
47.3534111,-122.2084556,493200,42.52,40.164
38.65870475,-85.144789,493200,28.34,22.127000000000002
48.6252222,-121.3398889,496800,8.71,8.701
44.19563889,-89.4174722,496800,99.3,91.551
33.60702778,-81.1356111,496800,10.12,9.757
29.8,-81.55,496800,1.36,1.3400000000000003
34.1636111,-84.7281944,496800,695.25,694.93
29.92105823,-95.840229,500400,152.82,117.07000000000001
47.70416389,-121.600775,500400,7.5,6.952
38.65870475,-85.144789,500400,27.83,22.127000000000002
41.88836638,-87.6075518,504000,1.25,1.08
43.98244444,-89.5480556,504000,14.45,13.719
32.7804544,-79.923699,504000,20.15,19.976000000000003
38.65870475,-85.144789,507600,27.3,22.127000000000002
33.2531111,-81.16125,507600,6.56,5.790000000000001
47.26010078,-122.238453,511200,75.67,74.847
48.1037124,-121.9456866,511200,11.05,10.932999999999998
33.24042765,-81.40816269,511200,7.03,6.832999999999998
47.70416389,-121.600775,514800,7.37,6.952
48.1037124,-121.9456866,514800,11.1,10.932999999999998
30.44838056,-81.5182611,514800,2.03,1.7329999999999999
42.1781813,-123.0030974,518400,1.07,0.413
44.9305688,-84.69225229,518400,3.56,3.218
38.11769287,-83.5318816,518400,36.06,34.062
48.1037124,-121.9456866,518400,11.06,10.932999999999998
33.24042765,-81.40816269,518400,7.01,6.832999999999998
41.67891099,-88.000967,522000,25.35,25.332
47.70416389,-121.600775,522000,7.32,6.952
38.01645276,-85.30773099,522000,52.08,50.232
48.1037124,-121.9456866,522000,10.95,10.932999999999998
30.45494167,-81.59688889,522000,1.93,1.7480000000000004
29.0811111,-81.8808333,522000,58.98,58.855999999999995
41.88836638,-87.6075518,525600,1.45,1.08
43.15794167,-124.1817944,525600,22.01,21.977999999999998
44.8875,-88.4722222,525600,93.96,93.949
33.24042765,-81.40816269,525600,6.99,6.832999999999998
34.1636111,-84.7281944,525600,695.34,694.93
42.42888889,-124.4122222,529200,8.37,7.427000000000001
42.0497222,-70.1822222,529200,5.29,1.655
43.98244444,-89.5480556,529200,14.45,13.719
42.1781813,-123.0030974,532800,1.08,0.413
47.3534111,-122.2084556,532800,45.64,40.164
48.65913889,-121.2890278,532800,29.11,28.172000000000004
41.12875,-76.3034722,536400,2.3,2.2059999999999995
44.19563889,-89.4174722,536400,99.29,91.551
43.98244444,-89.5480556,536400,14.44,13.719
35.41007829,-86.0697088,536400,11.41,10.281
47.37425567,-123.6368365,540000,6.45,5.254
43.98244444,-89.5480556,540000,14.45,13.719
35.41007829,-86.0697088,540000,11.4,10.281
42.1781813,-123.0030974,543600,1.07,0.413
29.92105823,-95.840229,543600,152.81,117.07000000000001
44.9305688,-84.69225229,543600,3.56,3.218
47.3534111,-122.2084556,547200,45.81,40.164
47.3788611,-122.2688056,547200,31.77,23.177
48.1037124,-121.9456866,547200,10.98,10.932999999999998
33.60702778,-81.1356111,547200,10.05,9.757
21.4973611,-157.9807222,547200,17.23,17.168
44.9305688,-84.69225229,550800,3.56,3.218
41.31055556,-71.8583333,550800,1.17,1.167
38.11769287,-83.5318816,550800,35.87,34.062
47.8686089,-98.3578795,550800,47.13,43.098
43.98244444,-89.5480556,550800,14.45,13.719
45.2073611,-118.0205,554400,27.2,27.163999999999998
48.6252222,-121.3398889,554400,9.37,8.701
47.8686089,-98.3578795,554400,47.14,43.098
44.9305688,-84.69225229,558000,3.56,3.218
33.2531111,-81.16125,558000,6.41,5.790000000000001
34.1636111,-84.7281944,558000,695.4,694.93
45.2073611,-118.0205,561600,27.21,27.163999999999998
47.70416389,-121.600775,561600,7.5,6.952
44.8875,-88.4722222,561600,93.95,93.949
48.2112101,-122.337374,561600,16.45,15.651
38.65870475,-85.144789,561600,23.04,22.127000000000002
44.19563889,-89.4174722,561600,99.29,91.551
47.8686089,-98.3578795,561600,47.13,43.098
33.2531111,-81.16125,561600,6.4,5.790000000000001
41.31055556,-71.8583333,565200,1.57,1.167
38.11769287,-83.5318816,565200,35.77,34.062
48.2112101,-122.337374,565200,16.51,15.651
47.8686089,-98.3578795,565200,47.13,43.098
44.8875,-88.4722222,568800,93.95,93.949
43.98244444,-89.5480556,568800,14.45,13.719
47.27121185,-122.2201193,572400,98.54,97.91799999999999
43.98244444,-89.5480556,572400,14.45,13.719
33.2531111,-81.16125,572400,6.39,5.790000000000001
42.0497222,-70.1822222,576000,5.57,1.655
44.9305688,-84.69225229,576000,3.56,3.218
47.26010078,-122.238453,576000,75.49,74.847
38.11769287,-83.5318816,576000,35.69,34.062
47.8686089,-98.3578795,576000,47.15,43.098
35.41007829,-86.0697088,576000,11.39,10.281
21.4973611,-157.9807222,576000,17.22,17.168
45.2073611,-118.0205,579600,27.22,27.163999999999998
44.9305688,-84.69225229,579600,3.56,3.218
29.0811111,-81.8808333,583200,58.87,58.855999999999995
21.4973611,-157.9807222,583200,17.23,17.168
44.9305688,-84.69225229,586800,3.55,3.218
47.26010078,-122.238453,586800,75.3,74.847
44.19563889,-89.4174722,586800,99.29,91.551
33.2531111,-81.16125,586800,6.36,5.790000000000001
45.2073611,-118.0205,590400,27.22,27.163999999999998
44.8875,-88.4722222,590400,93.95,93.949
48.6252222,-121.3398889,590400,9.04,8.701
48.65913889,-121.2890278,590400,29.4,28.172000000000004
44.8875,-88.4722222,594000,93.95,93.949
47.8686089,-98.3578795,597600,47.14,43.098
33.2531111,-81.16125,597600,6.35,5.790000000000001
29.92105823,-95.840229,601200,152.83,117.07000000000001
41.12875,-76.3034722,601200,2.29,2.2059999999999995
29.92105823,-95.840229,604800,152.84,117.07000000000001
45.2073611,-118.0205,604800,27.23,27.163999999999998
41.12875,-76.3034722,604800,2.28,2.2059999999999995
47.27121185,-122.2201193,604800,98.14,97.91799999999999
32.7804544,-79.923699,604800,20.92,19.976000000000003
33.2531111,-81.16125,604800,6.34,5.790000000000001
30.44838056,-81.5182611,604800,2.09,1.7329999999999999
47.26010078,-122.238453,608400,75.28,74.847
38.11769287,-83.5318816,608400,35.49,34.062
30.41746058,-81.69648758,608400,1.69,1.573
44.19563889,-89.4174722,608400,99.29,91.551
30.44838056,-81.5182611,608400,2.22,1.7329999999999999
34.1636111,-84.7281944,608400,695.54,694.93
47.3788611,-122.2688056,612000,31.49,23.177
38.11769287,-83.5318816,612000,35.47,34.062
48.65913889,-121.2890278,612000,29.11,28.172000000000004
32.7804544,-79.923699,612000,20.09,19.976000000000003
21.4973611,-157.9807222,612000,17.23,17.168
44.8875,-88.4722222,615600,93.95,93.949
33.60702778,-81.1356111,615600,9.82,9.757
42.0497222,-70.1822222,619200,4.36,1.655
47.3788611,-122.2688056,619200,31.31,23.177
44.19563889,-89.4174722,619200,99.29,91.551
42.1781813,-123.0030974,622800,1.2,0.413
45.2073611,-118.0205,622800,27.23,27.163999999999998
44.9305688,-84.69225229,622800,3.56,3.218
44.8875,-88.4722222,622800,93.95,93.949
47.8686089,-98.3578795,622800,47.15,43.098
33.2531111,-81.16125,622800,6.26,5.790000000000001
48.65913889,-121.2890278,626400,29.11,28.172000000000004
44.19563889,-89.4174722,626400,99.29,91.551
34.1636111,-84.7281944,630000,695.5,694.93
45.2073611,-118.0205,633600,27.23,27.163999999999998
33.60702778,-81.1356111,633600,9.76,9.757
30.17647778,-97.5869167,637200,10.99,10.980999999999998
34.1636111,-84.7281944,637200,695.5,694.93
33.2531111,-81.16125,640800,6.18,5.790000000000001
34.1636111,-84.7281944,640800,695.48,694.93
44.9305688,-84.69225229,644400,3.55,3.218
44.19563889,-89.4174722,648000,99.29,91.551
29.0811111,-81.8808333,648000,58.87,58.855999999999995
34.1636111,-84.7281944,648000,695.53,694.93
42.1781813,-123.0030974,651600,1.1,0.413
47.27121185,-122.2201193,651600,98.05,97.91799999999999
38.11769287,-83.5318816,651600,35.29,34.062
30.44838056,-81.5182611,651600,2.37,1.7329999999999999
47.27121185,-122.2201193,655200,98.01,97.91799999999999
48.65913889,-121.2890278,655200,29.73,28.172000000000004
30.45494167,-81.59688889,655200,1.94,1.7480000000000004
33.2531111,-81.16125,655200,6.17,5.790000000000001
47.3534111,-122.2084556,658800,44.07,40.164
38.11769287,-83.5318816,658800,35.28,34.062
44.19563889,-89.4174722,658800,99.29,91.551
30.44838056,-81.5182611,658800,2.25,1.7329999999999999
21.4973611,-157.9807222,658800,17.22,17.168
30.17647778,-97.5869167,662400,11.0,10.980999999999998
29.92105823,-95.840229,662400,152.84,117.07000000000001
38.11769287,-83.5318816,662400,35.28,34.062
34.1636111,-84.7281944,662400,695.49,694.93
29.92105823,-95.840229,666000,152.83,117.07000000000001
47.26010078,-122.238453,666000,75.25,74.847
29.0811111,-81.8808333,666000,58.88,58.855999999999995
41.12875,-76.3034722,669600,2.23,2.2059999999999995
47.3534111,-122.2084556,669600,43.93,40.164
29.0811111,-81.8808333,669600,58.87,58.855999999999995
47.26010078,-122.238453,673200,75.24,74.847
47.3788611,-122.2688056,673200,30.0,23.177
47.8686089,-98.3578795,673200,47.17,43.098
33.2531111,-81.16125,673200,6.14,5.790000000000001
34.1636111,-84.7281944,673200,695.56,694.93
45.2073611,-118.0205,676800,27.25,27.163999999999998
47.26010078,-122.238453,676800,75.24,74.847
47.3534111,-122.2084556,676800,43.82,40.164
47.8686089,-98.3578795,676800,47.17,43.098
30.17647778,-97.5869167,680400,11.0,10.980999999999998
45.2073611,-118.0205,680400,27.26,27.163999999999998
43.98244444,-89.5480556,680400,14.45,13.719
38.11769287,-83.5318816,684000,35.29,34.062
32.7804544,-79.923699,684000,20.36,19.976000000000003
21.4973611,-157.9807222,684000,17.23,17.168
42.1781813,-123.0030974,687600,0.98,0.413
29.7230092,-95.7671718,687600,92.87,62.09499999999999
29.92105823,-95.840229,687600,152.82,117.07000000000001
47.8686089,-98.3578795,687600,47.16,43.098
30.17647778,-97.5869167,691200,11.0,10.980999999999998
47.26010078,-122.238453,691200,75.24,74.847
35.41007829,-86.0697088,691200,11.35,10.281
30.17647778,-97.5869167,694800,11.0,10.980999999999998
45.2073611,-118.0205,694800,27.26,27.163999999999998
30.41746058,-81.69648758,694800,1.8,1.573
32.7804544,-79.923699,694800,21.21,19.976000000000003
35.41007829,-86.0697088,694800,11.35,10.281
42.1781813,-123.0030974,698400,0.97,0.413
47.26010078,-122.238453,698400,75.22,74.847
29.92105823,-95.840229,702000,152.82,117.07000000000001
43.98244444,-89.5480556,702000,14.45,13.719
32.7804544,-79.923699,702000,20.15,19.976000000000003
30.44838056,-81.5182611,702000,2.46,1.7329999999999999
47.27121185,-122.2201193,705600,97.95,97.91799999999999
35.41007829,-86.0697088,705600,11.35,10.281
44.19563889,-89.4174722,709200,99.29,91.551
30.17647778,-97.5869167,712800,11.0,10.980999999999998
47.26010078,-122.238453,712800,75.21,74.847
38.11769287,-83.5318816,712800,35.33,34.062
42.1781813,-123.0030974,716400,0.94,0.413
43.98244444,-89.5480556,716400,14.45,13.719
35.41007829,-86.0697088,716400,11.35,10.281
48.65913889,-121.2890278,720000,29.71,28.172000000000004
47.8686089,-98.3578795,720000,47.17,43.098
43.98244444,-89.5480556,720000,14.45,13.719
29.0811111,-81.8808333,720000,58.87,58.855999999999995
29.92105823,-95.840229,723600,152.81,117.07000000000001
48.65913889,-121.2890278,723600,29.75,28.172000000000004
32.34769444,-90.1707222,723600,11.87,8.213
36.8761561,-87.47195119,723600,13.01,12.246
44.19563889,-89.4174722,727200,99.3,91.551
29.92105823,-95.840229,730800,152.81,117.07000000000001
48.6252222,-121.3398889,730800,9.29,8.701
36.8761561,-87.47195119,730800,13.5,12.246
32.34769444,-90.1707222,734400,9.51,8.213
21.4973611,-157.9807222,734400,17.23,17.168
42.1781813,-123.0030974,738000,0.9,0.413
29.92105823,-95.840229,738000,152.8,117.07000000000001
32.7804544,-79.923699,738000,20.79,19.976000000000003
33.2531111,-81.16125,738000,6.06,5.790000000000001
29.0811111,-81.8808333,738000,58.98,58.855999999999995
31.30316389,-93.8443472,741600,189.92,181.348
32.7804544,-79.923699,741600,20.59,19.976000000000003
30.45494167,-81.59688889,741600,1.82,1.7480000000000004
31.30316389,-93.8443472,745200,190.03,181.348
48.6252222,-121.3398889,745200,9.35,8.701
30.45494167,-81.59688889,745200,1.93,1.7480000000000004
42.1781813,-123.0030974,748800,0.87,0.413
29.92105823,-95.840229,748800,155.34,117.07000000000001
39.02930556,-80.47375,748800,8.98,8.647
47.3788611,-122.2688056,748800,28.68,23.177
38.01645276,-85.30773099,748800,53.93,50.232
41.12875,-76.3034722,752400,2.31,2.2059999999999995
47.3534111,-122.2084556,752400,43.09,40.164
38.11769287,-83.5318816,752400,36.74,34.062
44.19563889,-89.4174722,752400,99.29,91.551
36.8761561,-87.47195119,752400,12.41,12.246
47.3534111,-122.2084556,756000,43.08,40.164
31.30316389,-93.8443472,756000,190.49,181.348
29.0811111,-81.8808333,756000,58.86,58.855999999999995
43.98244444,-89.5480556,759600,14.45,13.719
29.0811111,-81.8808333,759600,58.86,58.855999999999995
41.12875,-76.3034722,763200,2.3,2.2059999999999995
35.41007829,-86.0697088,763200,11.49,10.281
44.9305688,-84.69225229,766800,3.54,3.218
47.3534111,-122.2084556,766800,42.98,40.164
38.8650952,-80.6762077,766800,9.19,8.876000000000001
47.3788611,-122.2688056,766800,28.42,23.177
35.9419972,-79.0490333,766800,5.2,4.833
33.2531111,-81.16125,766800,6.22,5.790000000000001
30.17647778,-97.5869167,770400,10.99,10.980999999999998
44.9305688,-84.69225229,770400,3.55,3.218
39.02930556,-80.47375,770400,8.85,8.647
47.3788611,-122.2688056,770400,28.37,23.177
35.9419972,-79.0490333,770400,5.17,4.833
35.41007829,-86.0697088,770400,11.5,10.281
27.0964472,-81.0091722,774000,19.97,19.901
35.9419972,-79.0490333,774000,4.98,4.833
33.2531111,-81.16125,774000,6.27,5.790000000000001
35.41007829,-86.0697088,774000,11.5,10.281
47.3788611,-122.2688056,777600,28.26,23.177
38.01645276,-85.30773099,777600,55.24,50.232
47.3534111,-122.2084556,781200,42.86,40.164
32.7804544,-79.923699,781200,20.45,19.976000000000003
33.47366667,-81.2089167,781200,4.85,4.630999999999999
33.2531111,-81.16125,784800,6.29,5.790000000000001
33.24042765,-81.40816269,784800,6.89,6.832999999999998
42.0497222,-70.1822222,788400,3.3,1.655
44.9305688,-84.69225229,788400,3.53,3.218
47.26010078,-122.238453,788400,75.07,74.847
38.01645276,-85.30773099,788400,55.63,50.232
29.92105823,-95.840229,792000,156.65,117.07000000000001
48.65913889,-121.2890278,792000,29.09,28.172000000000004
31.30316389,-93.8443472,795600,191.65,181.348
38.01645276,-85.30773099,795600,55.88,50.232
38.11769287,-83.5318816,795600,38.13,34.062
21.4973611,-157.9807222,799200,17.23,17.168
45.2073611,-118.0205,806400,27.25,27.163999999999998
29.0811111,-81.8808333,806400,58.87,58.855999999999995
41.12875,-76.3034722,810000,2.25,2.2059999999999995
47.3534111,-122.2084556,810000,42.68,40.164
48.6252222,-121.3398889,810000,9.23,8.701
33.2531111,-81.16125,810000,6.3,5.790000000000001
31.30316389,-93.8443472,813600,190.94,181.348
47.8686089,-98.3578795,813600,47.14,43.098
35.41007829,-86.0697088,813600,11.52,10.281
21.4973611,-157.9807222,813600,17.23,17.168
44.9305688,-84.69225229,817200,3.55,3.218
47.8686089,-98.3578795,817200,47.14,43.098
35.41007829,-86.0697088,817200,11.52,10.281
21.4973611,-157.9807222,817200,17.23,17.168
33.2531111,-81.16125,824400,6.35,5.790000000000001
21.4973611,-157.9807222,824400,17.22,17.168
47.8686089,-98.3578795,828000,47.14,43.098
45.2073611,-118.0205,831600,27.25,27.163999999999998
38.8650952,-80.6762077,831600,8.96,8.876000000000001
47.3788611,-122.2688056,831600,27.64,23.177
38.11769287,-83.5318816,831600,38.92,34.062
48.6252222,-121.3398889,831600,9.31,8.701
32.7804544,-79.923699,831600,20.02,19.976000000000003
30.44838056,-81.5182611,835200,1.81,1.7329999999999999
44.19563889,-89.4174722,838800,99.27,91.551
45.2073611,-118.0205,842400,27.24,27.163999999999998
42.0497222,-70.1822222,842400,3.23,1.655
44.9305688,-84.69225229,842400,3.55,3.218
33.24042765,-81.40816269,842400,7.3,6.832999999999998
34.1636111,-84.7281944,846000,695.21,694.93
45.2073611,-118.0205,849600,27.24,27.163999999999998
38.11769287,-83.5318816,849600,39.25,34.062
47.8686089,-98.3578795,849600,47.15,43.098
43.98244444,-89.5480556,849600,14.44,13.719
35.41007829,-86.0697088,849600,11.5,10.281
38.66315555,-80.7095413,853200,20.77,20.463
31.30316389,-93.8443472,853200,182.89,181.348
44.19563889,-89.4174722,853200,99.27,91.551
29.92105823,-95.840229,856800,154.14,117.07000000000001
44.9305688,-84.69225229,856800,3.53,3.218
40.14951635,-79.901437,856800,20.6,19.824
48.65913889,-121.2890278,856800,29.07,28.172000000000004
34.1636111,-84.7281944,856800,695.66,694.93
40.14951635,-79.901437,860400,20.42,19.824
44.9305688,-84.69225229,864000,3.54,3.218
38.01645276,-85.30773099,864000,56.97,50.232
47.8686089,-98.3578795,864000,47.15,43.098
29.92105823,-95.840229,867600,154.03,117.07000000000001
47.3788611,-122.2688056,867600,26.74,23.177
44.19563889,-89.4174722,867600,99.27,91.551
47.26010078,-122.238453,871200,75.05,74.847
38.01645276,-85.30773099,871200,56.94,50.232
44.19563889,-89.4174722,871200,99.27,91.551
29.92105823,-95.840229,874800,153.96,117.07000000000001
45.2073611,-118.0205,878400,27.23,27.163999999999998
41.67891099,-88.000967,878400,25.48,25.332
29.92105823,-95.840229,882000,153.93,117.07000000000001
38.66315555,-80.7095413,882000,20.65,20.463
44.9305688,-84.69225229,885600,3.53,3.218
48.6252222,-121.3398889,889200,9.28,8.701
44.19563889,-89.4174722,889200,99.27,91.551
33.24042765,-81.40816269,892800,7.17,6.832999999999998
35.41007829,-86.0697088,892800,11.49,10.281
38.01645276,-85.30773099,896400,56.79,50.232
29.92105823,-95.840229,900000,153.81,117.07000000000001
47.26010078,-122.238453,900000,74.97,74.847
38.65870475,-85.144789,900000,22.81,22.127000000000002
48.65913889,-121.2890278,900000,29.72,28.172000000000004
38.11769287,-83.5318816,903600,40.13,34.062
47.8686089,-98.3578795,903600,47.16,43.098
35.41007829,-86.0697088,903600,11.49,10.281
38.65870475,-85.144789,907200,23.0,22.127000000000002
48.65913889,-121.2890278,907200,29.75,28.172000000000004
21.4973611,-157.9807222,907200,17.22,17.168
32.7804544,-79.923699,910800,20.03,19.976000000000003
47.70416389,-121.600775,914400,7.04,6.952
38.11769287,-83.5318816,914400,40.26,34.062
38.65870475,-85.144789,914400,23.12,22.127000000000002
44.19563889,-89.4174722,914400,99.28,91.551
43.98244444,-89.5480556,914400,14.45,13.719
47.8686089,-98.3578795,918000,47.15,43.098
43.98244444,-89.5480556,918000,14.44,13.719
33.2531111,-81.16125,918000,6.46,5.790000000000001
38.11769287,-83.5318816,921600,40.35,34.062
47.8686089,-98.3578795,921600,47.15,43.098
41.67891099,-88.000967,925200,25.61,25.332
35.41007829,-86.0697088,925200,11.48,10.281
21.4973611,-157.9807222,925200,17.23,17.168
29.92105823,-95.840229,928800,153.68,117.07000000000001
47.70416389,-121.600775,928800,7.38,6.952
48.65913889,-121.2890278,928800,29.82,28.172000000000004
38.65870475,-85.144789,932400,23.58,22.127000000000002
33.24042765,-81.40816269,932400,6.97,6.832999999999998
45.2073611,-118.0205,936000,27.22,27.163999999999998
42.0497222,-70.1822222,936000,2.2,1.655
47.70416389,-121.600775,936000,7.38,6.952
47.37425567,-123.6368365,936000,7.76,5.254
44.9305688,-84.69225229,939600,3.53,3.218
33.24042765,-81.40816269,939600,6.94,6.832999999999998
41.88836638,-87.6075518,943200,1.2,1.08
44.9305688,-84.69225229,943200,3.53,3.218
48.1037124,-121.9456866,943200,11.42,10.932999999999998
47.90285217,-124.5454886,943200,35.56,32.967
47.3788611,-122.2688056,946800,27.69,23.177
38.11769287,-83.5318816,946800,40.66,34.062
48.65913889,-121.2890278,946800,29.38,28.172000000000004
33.2531111,-81.16125,946800,6.37,5.790000000000001
41.67891099,-88.000967,950400,25.45,25.332
47.37425567,-123.6368365,950400,7.7,5.254
35.41007829,-86.0697088,950400,11.46,10.281
38.11769287,-83.5318816,954000,40.74,34.062
47.90285217,-124.5454886,954000,36.01,32.967
38.65870475,-85.144789,954000,23.8,22.127000000000002
48.48077778,-121.6513056,957600,6.4,5.268
47.3534111,-122.2084556,961200,42.78,40.164
47.70416389,-121.600775,961200,8.14,6.952
44.19563889,-89.4174722,961200,99.28,91.551
44.9305688,-84.69225229,964800,3.53,3.218
32.7804544,-79.923699,964800,20.88,19.976000000000003
41.12875,-76.3034722,968400,2.22,2.2059999999999995
38.01645276,-85.30773099,968400,55.69,50.232
47.37425567,-123.6368365,968400,6.61,5.254
30.41746058,-81.69648758,968400,1.9,1.573
30.44838056,-81.5182611,968400,2.42,1.7329999999999999
42.0497222,-70.1822222,972000,3.99,1.655
47.3534111,-122.2084556,972000,43.02,40.164
47.37425567,-123.6368365,972000,6.46,5.254
42.0497222,-70.1822222,975600,4.0,1.655
47.3788611,-122.2688056,975600,28.22,23.177
48.48077778,-121.6513056,975600,7.15,5.268
48.65913889,-121.2890278,975600,29.82,28.172000000000004
33.24428056,-79.9913028,975600,11.85,9.818
29.92105823,-95.840229,979200,153.49,117.07000000000001
48.1037124,-121.9456866,979200,12.96,10.932999999999998
47.90285217,-124.5454886,979200,33.94,32.967
48.5087222,-121.4684722,979200,5.01,4.423
43.98244444,-89.5480556,979200,14.44,13.719
48.6252222,-121.3398889,982800,9.6,8.701
48.1037124,-121.9456866,986400,12.75,10.932999999999998
48.5087222,-121.4684722,986400,5.05,4.423
47.70416389,-121.600775,990000,7.78,6.952
29.8,-81.55,990000,1.46,1.3400000000000003
21.4973611,-157.9807222,990000,17.23,17.168
47.3534111,-122.2084556,993600,43.46,40.164
47.70416389,-121.600775,993600,7.66,6.952
48.5087222,-121.4684722,993600,5.2,4.423
42.74844444,-98.058,993600,33.32,33.136
47.3788611,-122.2688056,997200,28.85,23.177
44.0525,-123.0827778,1000800,15.32,14.76
44.9305688,-84.69225229,1000800,3.52,3.218
38.01645276,-85.30773099,1000800,55.11,50.232
44.19563889,-89.4174722,1000800,99.28,91.551
38.01645276,-85.30773099,1004400,55.05,50.232
48.48077778,-121.6513056,1004400,7.74,5.268
21.4973611,-157.9807222,1004400,17.22,17.168
44.9305688,-84.69225229,1008000,3.52,3.218
38.11769287,-83.5318816,1008000,41.1,34.062
45.2073611,-118.0205,1011600,27.22,27.163999999999998
47.9127333,-122.1064583,1011600,25.59,24.085
47.3788611,-122.2688056,1011600,29.32,23.177
48.1037124,-121.9456866,1011600,12.13,10.932999999999998
47.90285217,-124.5454886,1011600,34.2,32.967
47.3534111,-122.2084556,1015200,44.35,40.164
47.3788611,-122.2688056,1015200,29.5,23.177
47.70416389,-121.600775,1015200,7.26,6.952
48.2112101,-122.337374,1015200,18.34,15.651
33.2531111,-81.16125,1015200,6.21,5.790000000000001
43.98244444,-89.5480556,1018800,14.44,13.719
29.92105823,-95.840229,1022400,153.4,117.07000000000001
47.3788611,-122.2688056,1022400,29.98,23.177
47.74315509,-121.9879004,1022400,39.52,39.039
44.19563889,-89.4174722,1022400,99.28,91.551
47.8686089,-98.3578795,1022400,47.15,43.098
34.1636111,-84.7281944,1022400,695.51,694.93
29.92105823,-95.840229,1026000,153.4,117.07000000000001
45.2073611,-118.0205,1026000,27.22,27.163999999999998
47.74315509,-121.9879004,1029600,39.81,39.039
44.0525,-123.0827778,1033200,15.84,14.76
38.11769287,-83.5318816,1033200,41.05,34.062
44.19563889,-89.4174722,1033200,99.28,91.551
33.2531111,-81.16125,1033200,6.19,5.790000000000001
35.41007829,-86.0697088,1033200,11.42,10.281
45.2073611,-118.0205,1036800,27.22,27.163999999999998
47.74315509,-121.9879004,1036800,40.1,39.039
47.26010078,-122.238453,1040400,75.46,74.847
47.27121185,-122.2201193,1040400,98.34,97.91799999999999
48.48077778,-121.6513056,1040400,8.01,5.268
42.74844444,-98.058,1040400,33.22,33.136
33.2531111,-81.16125,1040400,6.18,5.790000000000001
35.41007829,-86.0697088,1040400,11.42,10.281
48.48077778,-121.6513056,1044000,7.94,5.268
48.5087222,-121.4684722,1044000,5.56,4.423
47.9127333,-122.1064583,1047600,26.08,24.085
44.19563889,-89.4174722,1047600,99.28,91.551
44.0525,-123.0827778,1051200,15.85,14.76
47.9127333,-122.1064583,1051200,26.04,24.085
44.9305688,-84.69225229,1051200,3.52,3.218
47.27121185,-122.2201193,1051200,98.37,97.91799999999999
47.3788611,-122.2688056,1051200,32.52,23.177
48.5087222,-121.4684722,1051200,5.28,4.423
44.19563889,-89.4174722,1051200,99.28,91.551
41.88836638,-87.6075518,1054800,1.11,1.08
29.92105823,-95.840229,1054800,153.31,117.07000000000001
47.26010078,-122.238453,1054800,75.46,74.847
47.27121185,-122.2201193,1054800,98.39,97.91799999999999
48.5087222,-121.4684722,1054800,5.22,4.423
48.6252222,-121.3398889,1054800,9.38,8.701
41.67891099,-88.000967,1058400,25.48,25.332
42.0497222,-70.1822222,1062000,4.36,1.655
47.26010078,-122.238453,1062000,75.48,74.847
48.48077778,-121.6513056,1062000,7.2,5.268
21.4973611,-157.9807222,1062000,17.23,17.168
42.0497222,-70.1822222,1065600,4.36,1.655
41.6001611,-70.4661167,1065600,1.51,1.4700000000000002
47.27121185,-122.2201193,1065600,98.42,97.91799999999999
30.44838056,-81.5182611,1065600,1.76,1.7329999999999999
35.41007829,-86.0697088,1065600,11.41,10.281
29.92105823,-95.840229,1069200,153.31,117.07000000000001
47.9127333,-122.1064583,1069200,25.15,24.085
38.01645276,-85.30773099,1069200,53.86,50.232
47.8686089,-98.3578795,1069200,47.15,43.098
47.3534111,-122.2084556,1072800,47.31,40.164
38.11769287,-83.5318816,1072800,40.89,34.062
48.5087222,-121.4684722,1072800,5.21,4.423
35.41007829,-86.0697088,1072800,11.41,10.281
44.9305688,-84.69225229,1076400,3.51,3.218
48.48077778,-121.6513056,1076400,6.82,5.268
45.2073611,-118.0205,1080000,27.21,27.163999999999998
47.3534111,-122.2084556,1080000,47.35,40.164
47.74315509,-121.9879004,1080000,40.74,39.039
48.5087222,-121.4684722,1080000,5.16,4.423
47.9127333,-122.1064583,1083600,24.36,24.085
33.2531111,-81.16125,1083600,6.14,5.790000000000001
45.2073611,-118.0205,1087200,27.22,27.163999999999998
47.3788611,-122.2688056,1087200,33.66,23.177
38.65870475,-85.144789,1087200,22.36,22.127000000000002
48.48077778,-121.6513056,1087200,6.66,5.268
48.65913889,-121.2890278,1087200,29.97,28.172000000000004
42.74844444,-98.058,1087200,33.14,33.136
33.2531111,-81.16125,1087200,6.14,5.790000000000001
47.26010078,-122.238453,1090800,75.52,74.847
47.8686089,-98.3578795,1090800,47.14,43.098
47.3788611,-122.2688056,1094400,33.74,23.177
48.5087222,-121.4684722,1094400,5.01,4.423
42.74844444,-98.058,1094400,33.18,33.136
43.98244444,-89.5480556,1094400,14.44,13.719
47.26010078,-122.238453,1098000,75.52,74.847
38.01645276,-85.30773099,1098000,53.3,50.232
47.3534111,-122.2084556,1101600,47.69,40.164
44.0525,-123.0827778,1105200,15.73,14.76
48.48077778,-121.6513056,1105200,6.29,5.268
48.6252222,-121.3398889,1105200,9.63,8.701
21.4973611,-157.9807222,1105200,17.22,17.168
38.11769287,-83.5318816,1108800,40.7,34.062
42.74844444,-98.058,1108800,33.19,33.136
42.0497222,-70.1822222,1112400,3.31,1.655
41.67891099,-88.000967,1112400,25.57,25.332
38.11769287,-83.5318816,1112400,40.69,34.062
48.65913889,-121.2890278,1112400,29.85,28.172000000000004
42.74844444,-98.058,1112400,33.25,33.136
47.3788611,-122.2688056,1116000,34.16,23.177
41.67891099,-88.000967,1123200,25.64,25.332
47.3534111,-122.2084556,1123200,48.03,40.164
47.8686089,-98.3578795,1123200,47.15,43.098
41.88836638,-87.6075518,1134000,1.43,1.08
45.2073611,-118.0205,1134000,27.21,27.163999999999998
41.67891099,-88.000967,1134000,25.65,25.332
43.98244444,-89.5480556,1134000,14.45,13.719
29.92105823,-95.840229,1137600,153.21,117.07000000000001
41.67891099,-88.000967,1137600,25.61,25.332
47.3534111,-122.2084556,1137600,47.99,40.164
41.88836638,-87.6075518,1144800,1.52,1.08
47.27121185,-122.2201193,1144800,98.54,97.91799999999999
48.6252222,-121.3398889,1144800,8.96,8.701
47.26010078,-122.238453,1148400,75.54,74.847
47.74315509,-121.9879004,1148400,39.82,39.039
47.8686089,-98.3578795,1152000,47.17,43.098
30.44838056,-81.5182611,1152000,1.93,1.7329999999999999
21.4973611,-157.9807222,1152000,17.23,17.168
44.19563889,-89.4174722,1155600,99.28,91.551
35.41007829,-86.0697088,1155600,11.37,10.281
44.0525,-123.0827778,1159200,15.89,14.76
42.0497222,-70.1822222,1159200,4.69,1.655
48.6252222,-121.3398889,1159200,9.45,8.701
47.8686089,-98.3578795,1159200,47.17,43.098
35.41007829,-86.0697088,1159200,11.37,10.281
47.27121185,-122.2201193,1162800,98.52,97.91799999999999
47.74315509,-121.9879004,1162800,39.15,39.039
38.11769287,-83.5318816,1162800,40.42,34.062
43.98244444,-89.5480556,1162800,14.45,13.719
29.92105823,-95.840229,1166400,153.16,117.07000000000001
45.2073611,-118.0205,1166400,27.21,27.163999999999998
47.3534111,-122.2084556,1166400,47.72,40.164
48.5087222,-121.4684722,1166400,4.51,4.423
41.88836638,-87.6075518,1170000,1.56,1.08
48.65913889,-121.2890278,1173600,29.97,28.172000000000004
38.01645276,-85.30773099,1177200,51.72,50.232
33.2531111,-81.16125,1177200,6.1,5.790000000000001
48.5087222,-121.4684722,1180800,4.6,4.423
41.88836638,-87.6075518,1184400,1.66,1.08
47.26010078,-122.238453,1184400,75.52,74.847
47.27121185,-122.2201193,1184400,98.44,97.91799999999999
38.01645276,-85.30773099,1188000,51.51,50.232
48.5087222,-121.4684722,1188000,4.6,4.423
33.2531111,-81.16125,1191600,6.14,5.790000000000001
47.3788611,-122.2688056,1195200,33.56,23.177
33.2531111,-81.16125,1195200,6.19,5.790000000000001
48.5087222,-121.4684722,1198800,4.55,4.423
44.19563889,-89.4174722,1198800,99.28,91.551
33.2531111,-81.16125,1198800,6.21,5.790000000000001
48.6252222,-121.3398889,1202400,9.58,8.701
47.8686089,-98.3578795,1202400,47.16,43.098
35.41007829,-86.0697088,1202400,11.35,10.281
21.4973611,-157.9807222,1202400,17.23,17.168
44.0525,-123.0827778,1206000,15.79,14.76
48.5087222,-121.4684722,1206000,4.52,4.423
47.26010078,-122.238453,1209600,75.48,74.847
38.01645276,-85.30773099,1213200,51.0,50.232
48.6252222,-121.3398889,1213200,8.93,8.701
45.2073611,-118.0205,1216800,27.22,27.163999999999998
47.26010078,-122.238453,1216800,75.49,74.847
38.01645276,-85.30773099,1216800,50.91,50.232
29.92105823,-95.840229,1220400,153.11,117.07000000000001
48.6252222,-121.3398889,1220400,8.78,8.701
47.8686089,-98.3578795,1220400,47.16,43.098
41.88836638,-87.6075518,1224000,1.61,1.08
47.3788611,-122.2688056,1224000,30.87,23.177
34.3594833,-91.6797722,1224000,182.22,182.21699999999998
35.41007829,-86.0697088,1224000,11.35,10.281
42.0497222,-70.1822222,1231200,2.14,1.655
47.26010078,-122.238453,1231200,75.46,74.847
47.3534111,-122.2084556,1231200,44.04,40.164
32.7804544,-79.923699,1231200,20.75,19.976000000000003
35.41007829,-86.0697088,1231200,11.34,10.281
44.0525,-123.0827778,1234800,15.74,14.76
47.26010078,-122.238453,1234800,75.49,74.847
47.27121185,-122.2201193,1234800,98.36,97.91799999999999
48.6252222,-121.3398889,1234800,9.64,8.701
41.12875,-76.3034722,1238400,2.31,2.2059999999999995
44.9305688,-84.69225229,1238400,3.5,3.218
47.3534111,-122.2084556,1238400,43.95,40.164
30.41746058,-81.69648758,1238400,1.6,1.573
35.7403611,-81.8346667,1238400,5.85,5.788
42.42888889,-124.4122222,1242000,7.66,7.427000000000001
45.2073611,-118.0205,1242000,27.22,27.163999999999998
44.0525,-123.0827778,1245600,15.73,14.76
41.6001611,-70.4661167,1245600,1.74,1.4700000000000002
38.11769287,-83.5318816,1245600,39.93,34.062
21.4973611,-157.9807222,1245600,17.23,17.168
45.2073611,-118.0205,1249200,27.22,27.163999999999998
38.01645276,-85.30773099,1249200,50.24,50.232
29.92105823,-95.840229,1252800,153.09,117.07000000000001
38.11769287,-83.5318816,1252800,39.89,34.062
48.6252222,-121.3398889,1252800,9.65,8.701
45.2073611,-118.0205,1256400,27.22,27.163999999999998
47.27121185,-122.2201193,1256400,98.3,97.91799999999999
47.26010078,-122.238453,1270800,75.4,74.847
34.3594833,-91.6797722,1270800,182.3,182.21699999999998
47.3534111,-122.2084556,1274400,43.76,40.164
48.6252222,-121.3398889,1274400,9.64,8.701
21.4973611,-157.9807222,1278000,17.23,17.168
41.67891099,-88.000967,1281600,25.43,25.332
47.27121185,-122.2201193,1281600,98.19,97.91799999999999
41.88836638,-87.6075518,1285200,1.33,1.08
45.2073611,-118.0205,1285200,27.22,27.163999999999998
47.3534111,-122.2084556,1285200,43.73,40.164
48.6252222,-121.3398889,1285200,9.51,8.701
21.4973611,-157.9807222,1285200,17.23,17.168
41.88836638,-87.6075518,1292400,1.12,1.08
45.2073611,-118.0205,1292400,27.22,27.163999999999998
47.26010078,-122.238453,1292400,75.36,74.847
47.3534111,-122.2084556,1292400,43.66,40.164
47.3788611,-122.2688056,1292400,29.27,23.177
44.9305688,-84.69225229,1296000,3.49,3.218
44.19563889,-89.4174722,1296000,99.26,91.551
29.0811111,-81.8808333,1296000,58.87,58.855999999999995
41.67891099,-88.000967,1299600,25.42,25.332
35.41007829,-86.0697088,1299600,11.37,10.281
41.67891099,-88.000967,1303200,25.4,25.332
33.2531111,-81.16125,1303200,6.17,5.790000000000001
21.4973611,-157.9807222,1303200,17.23,17.168
29.92105823,-95.840229,1306800,152.99,117.07000000000001
47.8686089,-98.3578795,1310400,47.16,43.098
47.27121185,-122.2201193,1314000,98.08,97.91799999999999
47.3534111,-122.2084556,1314000,43.58,40.164
34.26116389,-91.6990833,1314000,179.94,179.89100000000002
33.2531111,-81.16125,1314000,6.18,5.790000000000001
21.4973611,-157.9807222,1314000,17.23,17.168
44.9305688,-84.69225229,1317600,3.49,3.218
30.41746058,-81.69648758,1317600,1.73,1.573
48.6252222,-121.3398889,1317600,8.9,8.701
34.01293324,-80.982035,1317600,2.37,1.8579999999999999
43.98244444,-89.5480556,1317600,14.44,13.719
44.0525,-123.0827778,1321200,15.13,14.76
42.0497222,-70.1822222,1321200,1.72,1.655
34.26116389,-91.6990833,1321200,179.95,179.89100000000002
38.11769287,-83.5318816,1328400,39.38,34.062
34.01293324,-80.982035,1328400,1.91,1.8579999999999999
33.2531111,-81.16125,1328400,6.29,5.790000000000001
48.6252222,-121.3398889,1332000,9.46,8.701
33.2531111,-81.16125,1332000,6.33,5.790000000000001
30.44838056,-81.5182611,1332000,2.33,1.7329999999999999
48.6252222,-121.3398889,1335600,9.45,8.701
29.8897222,-85.2547222,1335600,1.97,1.891
33.24042765,-81.40816269,1335600,6.89,6.832999999999998
42.0497222,-70.1822222,1339200,1.95,1.655
44.9305688,-84.69225229,1339200,3.49,3.218
47.3788611,-122.2688056,1339200,28.93,23.177
27.0964472,-81.0091722,1339200,19.99,19.901
44.19563889,-89.4174722,1339200,99.27,91.551
41.67891099,-88.000967,1342800,25.45,25.332
33.24428056,-79.9913028,1342800,9.92,9.818
33.24042765,-81.40816269,1342800,6.98,6.832999999999998
48.6252222,-121.3398889,1346400,9.47,8.701
41.67891099,-88.000967,1350000,25.45,25.332
47.3534111,-122.2084556,1350000,43.42,40.164
43.98244444,-89.5480556,1350000,14.44,13.719
38.11769287,-83.5318816,1353600,39.24,34.062
34.3594833,-91.6797722,1353600,182.69,182.21699999999998
47.8686089,-98.3578795,1353600,47.17,43.098
29.0811111,-81.8808333,1353600,59.0,58.855999999999995
44.9305688,-84.69225229,1360800,3.48,3.218
44.19563889,-89.4174722,1360800,99.27,91.551
43.98244444,-89.5480556,1360800,14.44,13.719
29.0811111,-81.8808333,1360800,58.97,58.855999999999995
29.92105823,-95.840229,1364400,153.04,117.07000000000001
47.26010078,-122.238453,1364400,75.17,74.847
38.11769287,-83.5318816,1364400,39.19,34.062
35.7403611,-81.8346667,1364400,5.83,5.788
47.8686089,-98.3578795,1364400,47.17,43.098
33.2531111,-81.16125,1364400,6.45,5.790000000000001
29.92105823,-95.840229,1368000,153.04,117.07000000000001
33.2531111,-81.16125,1368000,6.46,5.790000000000001
29.0811111,-81.8808333,1368000,58.92,58.855999999999995
48.6252222,-121.3398889,1371600,9.47,8.701
34.72863889,-80.0640556,1371600,11.13,9.054000000000002
35.7403611,-81.8346667,1371600,5.82,5.788
47.8686089,-98.3578795,1371600,47.17,43.098
34.20169444,-82.0462778,1371600,6.42,6.346
33.24042765,-81.40816269,1371600,7.27,6.832999999999998
34.88064458,-86.48054629,1371600,8.18,8.097
44.9305688,-84.69225229,1375200,3.48,3.218
47.3534111,-122.2084556,1375200,43.31,40.164
48.6252222,-121.3398889,1375200,9.12,8.701
34.72863889,-80.0640556,1375200,11.77,9.054000000000002
47.8686089,-98.3578795,1375200,47.17,43.098
33.24042765,-81.40816269,1375200,7.3,6.832999999999998
21.4973611,-157.9807222,1375200,17.23,17.168
48.6252222,-121.3398889,1378800,8.95,8.701
34.72863889,-80.0640556,1378800,11.96,9.054000000000002
29.0811111,-81.8808333,1378800,58.92,58.855999999999995
